NCT Number,Study Title,Study URL,Study Results,Conditions,Interventions,Sex,Age,Phases,Locations
NCT04953195,Thyroid Replacement Therapy in Patients With Subclinical Hypothyroidism,https://clinicaltrials.gov/study/NCT04953195,NO,Subclinical Hypothyroidisms,DRUG: Levothyroxine Sodium Tablets,ALL,"ADULT, OLDER_ADULT",PHASE4,"Beijing Chao-Yang Hospital, Capital Medical University, Beijing, Beijing, China"
NCT06083636,Improvement of Laboratory Diagnostics in Hypothyroid Patients Using Levothyroxine,https://clinicaltrials.gov/study/NCT06083636,NO,Hypothyroidism,OTHER: Single extra blood draw and completion of single questionnaire|OTHER: Single blood draw and completion of single questionnaire,ALL,"ADULT, OLDER_ADULT",,"Amsterdam UMC, Amsterdam, Noord-Holland, 1105 AZ, Netherlands"
NCT05143918,Quality of Life Among Egyptian Hypothyroid Patients,https://clinicaltrials.gov/study/NCT05143918,NO,Hypothyroidism,OTHER: assessment of quality of life using questionnaire,ALL,ADULT,,
NCT04795947,Correlation Between Thyroid Function and Quality of Life in Hypothyroidism,https://clinicaltrials.gov/study/NCT04795947,NO,Hypothyroidism,BEHAVIORAL: Behavioral,ALL,"ADULT, OLDER_ADULT",,"BeijingCYH, Beijing, Beijing, 100020, China"
NCT06345339,A Study to Assess the Safety and Efficacy of Oral Armour Thyroid Compared to Synthetic T4 for the Treatment of Primary Hypothyroidism in Adult Participants,https://clinicaltrials.gov/study/NCT06345339,NO,Hypothyroidism,DRUG: Armour Thyroid|DRUG: Levothyroxine,ALL,"ADULT, OLDER_ADULT",PHASE2|PHASE3,"Central Research Associates /ID# 255719, Birmingham, Alabama, 35205, United States|John Muir Medical Center /ID# 257103, Concord, California, 94520, United States|Diagnamics Inc. /ID# 262680, Encinitas, California, 92024, United States|NorCal Medical Research /ID# 256512, Greenbrae, California, 94904, United States|Velocity Clinical Research - Huntington Park /ID# 259044, Huntington Park, California, 90255-2951, United States|Diabetes Associates Medical Group /ID# 256949, Orange, California, 92866-2862, United States|Care Access - Santa Clarita /ID# 262573, Santa Clarita, California, 91321, United States|Diablo Clinical Research /ID# 261329, Walnut Creek, California, 94598, United States|San Fernando Valley Health Institute /ID# 257363, West Hills, California, 91304-3837, United States|New England Research Associates - Bridgeport /ID# 262184, Bridgeport, Connecticut, 06606, United States|Innovative Research of West Florida /ID# 257356, Clearwater, Florida, 33756-2004, United States|ALL Medical Research /ID# 256748, Cooper City, Florida, 33024, United States|Northeast Research Institute (NERI) /ID# 261841, Fleming Island, Florida, 32003, United States|Northeast Research Institute (NERI) /ID# 261846, Fleming Island, Florida, 32003, United States|The Center for Diabetes and Endocrine Care /ID# 255721, Fort Lauderdale, Florida, 33312, United States|Encore Medical Research LLC /ID# 256758, Hollywood, Florida, 33021, United States|East Coast Institute For Research - LaVilla - West Monroe Street /ID# 256972, Jacksonville, Florida, 32204, United States|The University of Florida Heal /ID# 257361, Jacksonville, Florida, 32207-4966, United States|East Coast Research - Jacksonville /ID# 256971, Jacksonville, Florida, 32216, United States|Encore Research Group-Jacksonville Center for Clinical Research /ID# 256147, Jacksonville, Florida, 32216, United States|South Florida Wellness & Clinic /ID# 256513, Margate, Florida, 33063, United States|Med Research of Florida /ID# 257837, Miami, Florida, 33186, United States|Adult Medicine of Lake County - Mount Dora /ID# 257371, Mount Dora, Florida, 32757, United States|Suncoast Clinical Research Pasco County /ID# 257018, New Port Richey, Florida, 34652, United States|West Orange Endocrinology /ID# 256139, Ocoee, Florida, 34761-4547, United States|Suncoast Clinical Research - Palm Harbor /ID# 256741, Palm Harbor, Florida, 34684, United States|Comprehensive Medical & Research Center /ID# 261678, Plantation, Florida, 33317-2911, United States|Northeast Research institute /ID# 261857, Saint Augustine, Florida, 32080-6010, United States|Metabolic Research Inst /ID# 255729, West Palm Beach, Florida, 33401, United States|East Coast Institute for Research - Canton /ID# 256974, Canton, Georgia, 30114, United States|Columbus Regional Research Ins /ID# 255738, Columbus, Georgia, 31904, United States|Physicians Research Associates, LLC /ID# 255675, Lawrenceville, Georgia, 30046, United States|East Coast Institute for Research - Macon /ID# 256529, Macon, Georgia, 31210, United States|Endocrine Research Solutions /ID# 256784, Roswell, Georgia, 30076, United States|Rocky Mountain Clinical Research, LLC /ID# 256753, Idaho Falls, Idaho, 83404-7596, United States|West Broadway Clinic /ID# 256756, Council Bluffs, Iowa, 51501-3822, United States|Iowa Diabetes and Endocrinology Research Center /ID# 256750, West Des Moines, Iowa, 50265, United States|Cotton O'Neil Digestive Health Center /ID# 256749, Topeka, Kansas, 66606-1539, United States|L-MARC Research Center /ID# 255733, Louisville, Kentucky, 40213-1014, United States|Nola Care Clinical Research /ID# 260145, Metairie, Louisiana, 70006-2930, United States|Omega Clinical Research /ID# 260162, Metairie, Louisiana, 70006-2930, United States|NECCR PrimaCare Research, LLC /ID# 256531, Fall River, Massachusetts, 02721, United States|Metro Detroit Endocrinology Center /ID# 260862, Dearborn, Michigan, 48126, United States|Michigan Healthcare Professionals /ID# 260859, Farmington Hills, Michigan, 48334-1566, United States|Elite Clinical Research Center /ID# 256782, Flint, Michigan, 48532, United States|Diabetes and Endocrinology Specialists /ID# 259068, Chesterfield, Missouri, 63017, United States|Jefferson City Medical Group /ID# 257099, Jefferson City, Missouri, 65109, United States|Billings Clinic /ID# 258316, Billings, Montana, 59101-0733, United States|Mercury Street Medical /ID# 259632, Butte, Montana, 59701-1652, United States|Methodist Physicians Clinic /ID# 259276, Omaha, Nebraska, 68114, United States|Palm Research Center /ID# 256131, Las Vegas, Nevada, 89148, United States|Northern Nevada Endocrinology /ID# 259646, Reno, Nevada, 89511, United States|Southern New Hampshire Diabetes and Endocrinology /ID# 257841, Nashua, New Hampshire, 03060, United States|Research Foundation of SUNY - University of Buffalo /ID# 261019, Buffalo, New York, 14203, United States|NYC Research /ID# 258662, New York, New York, 10001, United States|Endocrine Assc Long Island PC /ID# 257357, Smithtown, New York, 11787, United States|Physician's East Endocrinology /ID# 256491, Greenville, North Carolina, 27834, United States|Carteret Medical Group /ID# 256869, Morehead City, North Carolina, 28557, United States|Lucas Research /ID# 256127, Morehead City, North Carolina, 28557, United States|Lucas Research /ID# 257061, Morehead City, North Carolina, 28557, United States|Accellacare Wilmington /ID# 256744, Wilmington, North Carolina, 28401, United States|Diabetes and Endocrinology Associates of Stark County Inc /ID# 256751, Canton, Ohio, 44718, United States|Lynn Institute of Norman /ID# 256785, Norman, Oklahoma, 73072, United States|Lynn Institute of Oklahoma City /ID# 263141, Oklahoma City, Oklahoma, 73112, United States|Diabetes & Endocrinology Consultants of Pennsylvania /ID# 259064, Feasterville-Trevose, Pennsylvania, 19053, United States|Jefferson Health - Roosevelt Boulevard /ID# 256837, Philadelphia, Pennsylvania, 19114-1025, United States|Trial Management Associates - Myrtle Beach /ID# 259800, Myrtle Beach, South Carolina, 29572, United States|Carolina Endocrine Associates Llc /ID# 259640, North Charleston, South Carolina, 29406-9823, United States|Chattanooga Medical Research /ID# 257631, Chattanooga, Tennessee, 37404-3239, United States|Mid State Endocrine Associates /ID# 259641, Nashville, Tennessee, 37203, United States|Texas Diabetes and Endocrinology - Central Austin /ID# 255728, Austin, Texas, 78731, United States|Texas Diabetes and Endocrinology - South Austin /ID# 255723, Austin, Texas, 78749, United States|Brusco, Corpus Christi, TX /ID# 256746, Corpus Christi, Texas, 78414, United States|North TX Endocrine Center /ID# 255737, Dallas, Texas, 75231, United States|Research Institute Dallas /ID# 256126, Dallas, Texas, 75231, United States|Academy of Diabetes, Thyroid and Endocrine /ID# 255735, El Paso, Texas, 79935, United States|Diabetes and Thyroid Center of Ft. Worth /ID# 256781, Fort Worth, Texas, 76132, United States|Juno Research /ID# 259238, Houston, Texas, 77040-5059, United States|Biopharma Informatic - Houston - Business Center Drive /ID# 256149, Houston, Texas, 77043, United States|PlanIt Research, PLLC /ID# 259221, Houston, Texas, 77079-2204, United States|Endocrine and Psychiatry Cente /ID# 259631, Houston, Texas, 77095, United States|Tekton Research /ID# 260988, Irving, Texas, 75039-2523, United States|Southern Endocrinology Associates /ID# 256795, Mesquite, Texas, 75149, United States|Texas Diabetes and Endocrinology /ID# 255722, Round Rock, Texas, 78681, United States|Northeast Clinical Research of San Antonio, LLC /ID# 256868, San Antonio, Texas, 78233, United States|Diabetes & Glandular Disease Clinic /ID# 255734, San Antonio, Texas, 78237, United States|Consano Clinical Research, LLC /ID# 256138, Shavano Park, Texas, 78231, United States|Texas Valley Clinical Research /ID# 261476, Weslaco, Texas, 78596, United States|Virginia Endocrinology Research /ID# 259623, Chesapeake, Virginia, 23321, United States|Rainier Clinical Research /ID# 255802, Renton, Washington, 98055, United States"
NCT05334771,Early Detection of Endolymphatic Hydrops in Hypothyroid Patients,https://clinicaltrials.gov/study/NCT05334771,NO,Hypothyroidism,DEVICE: Dual band pure tune audiometer,ALL,ADULT,,
NCT05015725,"The Relationship Between Serum rT3 Concentrations, T3/T4 Ratio, and Symptoms/Quality of Life in Treated Hypothyroid Patients",https://clinicaltrials.gov/study/NCT05015725,NO,Hypothyroidism,"DIAGNOSTIC_TEST: Quality of life assessment, biochemical measures",ALL,"ADULT, OLDER_ADULT",,"Semmelweis University - Departement Medicine and Oncology, Budapest, 1083, Hungary"
NCT05823012,Study of XP-8121 For the Treatment of Adult Subjects With Hypothyroidism,https://clinicaltrials.gov/study/NCT05823012,NO,Hypothyroidism,DRUG: levothyroxine sodium,ALL,"ADULT, OLDER_ADULT",PHASE2,"ProSciento, Inc., Chula Vista, California, 91911, United States|Catalina Research Institute, L.L.C., Montclair, California, 91763, United States|Panax Clinical Research, LLC, Miami Lakes, Florida, 33014, United States|American Research Corporation, San Antonio, Texas, 78215, United States|Mt. Olympus Medical Research, LLC, Sugar Land, Texas, 77479, United States|Rainier Clinical Research Center, Renton, Washington, 98057, United States"
NCT04878614,Comparison of Levothyroxine Formulation in Hypothyroid Patients With Enteral Feeding,https://clinicaltrials.gov/study/NCT04878614,NO,Hypothyroidism,DRUG: Levothyroxine Tablet|DRUG: Levothyroxine Sodium,ALL,"ADULT, OLDER_ADULT",PHASE4,"UCLA Center for Human Nutrition, Los Angeles, California, 90024, United States"
NCT04236232,The Impact of Subclinical Hypothyroidism on Cardiovascular System,https://clinicaltrials.gov/study/NCT04236232,NO,Hypothyroidism,DIAGNOSTIC_TEST: Thyroid function,ALL,ADULT,,
NCT04332770,Biosignals by Wearable Devices in Hypothyroidism,https://clinicaltrials.gov/study/NCT04332770,NO,Hypothyroidism,OTHER: levothyroxine withdrawal,ALL,ADULT,,"Seoul National University Bundang Hospital, Seongnam-si, Gyeonggi-do, 13620, Korea, Republic of"
NCT03631771,Pediatric Risk of Hypothyroidism With Iodinated Contrast Media,https://clinicaltrials.gov/study/NCT03631771,NO,Hypothyroidism,DRUG: Iohexol|DRUG: Iodixanol|DRUG: Iopromide|DRUG: Ioversol,ALL,CHILD,PHASE4,
NCT02024906,Effect of Soy Intake on Cardiovascular Disease Biomarkers in Subclinical Hypothyroid Participants,https://clinicaltrials.gov/study/NCT02024906,NO,Cardiovascular Disease|Subclinical Hypothyroid,DIETARY_SUPPLEMENT: soy protein isolate (SPI)|DIETARY_SUPPLEMENT: milk protein isolate (MPI),ALL,"ADULT, OLDER_ADULT",NA,"University of Kansas Medical Center, Kansas City, Kansas, 66160, United States"
NCT03342001,Hypothyroidism Treated With Calcitonin,https://clinicaltrials.gov/study/NCT03342001,YES,Hypothyroidism,DRUG: Calcitonin,ALL,"ADULT, OLDER_ADULT",PHASE4,"University of Maryland Center for Diabetes and Endocrinology, Baltimore, Maryland, 21201, United States"
NCT02959827,Iodinated Contrast Agents and Risk of Hypothyroidism in Young Children in the United States,https://clinicaltrials.gov/study/NCT02959827,YES,Hypothyroidism,DRUG: Iodinated contrast agents,ALL,CHILD,,"Oakland, Oakland, California, 94612, United States"
NCT05314790,"Management of Patients With Diagnosis of Hypothyroidism, as Hospitalized and as Outpatients, in Internal Medicine Units: Observational Study Before & After Educational Programme",https://clinicaltrials.gov/study/NCT05314790,NO,Hypothyroidism,OTHER: intervening Educational Program,ALL,"ADULT, OLDER_ADULT",,"ULSS1 Belluno San Martino, Belluno, Italy|Ospedale Versilia, Camaiore, Italy|Ospedale di Canicattì, Canicattì, Italy|Ospedale di Castiglione del Lago, Medicina del Trasimeno, Castiglione Del Lago, Italy|Garibaldi Nesima, Catania, Italy|Ospedale G.B. Morgagni - P.L. Pierantoni, Forlì, Italy|Ospedale G.P. Delogu, Ghilarza, Italy|Ospedale Gubbio-Gualdo Tadino, Gubbio, Italy|Ospedale ""F. Veneziale"", Isernia, Italy|ASL Latina, Latina, Italy|Ospedale S. Andrea, Massa Marittima, Italy|Ospedale S. Croce di Moncalieri - ASL TO5, Moncalieri, Italy|Ospedale Del Mare, Napoli, Italy|Ospedale Fatebenefratelli, Napoli, Italy|Ospedale Maggiore di Novara, Novara, Italy|Ospedale Civico di Partinico, Palermo, Italy|Ospedale ""Bianchi-Melacrino-Morelli"", Reggio Calabria, Italy|Casa Sollievo della Sofferenza, San Giovanni Rotondo, Italy|AOU di Sassari, Sassari, Italy|Ospedale San Paolo, Savona, Italy"
NCT03180892,Non-immune Related Hypothyroidism in Iodine Sufficient Area,https://clinicaltrials.gov/study/NCT03180892,NO,Hypothyroidism,OTHER: The investigators did not apply any intervention for the participants.,ALL,"ADULT, OLDER_ADULT",,
NCT05712421,A Study Evaluation the Safety and Efficacy of Hormone Replacement Therapy With North Star Compared to Levothyroxine in Patients With Primary Hypothyroidism,https://clinicaltrials.gov/study/NCT05712421,NO,Hypothyroidism,DRUG: North Star|DRUG: Levothyroxine,ALL,"ADULT, OLDER_ADULT",PHASE2,"Neuvosyn Investigational Site, Birmingham, Alabama, 35209, United States|Neuvosyn Investigational Site, Canoga Park, California, 91304, United States|Neuvosyn Investigational Site, Greenbrae, California, 94904, United States|Neuvosyn Investigational Site, Toluca Lake, California, 91602, United States|Neuvosyn Investigational Site, Boca Raton, Florida, 33434, United States|Neuvosyn Investigational Site, Miami, Florida, 33144, United States|Neuvosyn Investigational Site, Miami, Florida, 33145, United States|Neuvosyn Investigational Site, Miami, Florida, 33155, United States|Neuvosyn Investigational Site, Miami, Florida, 33174, United States|Neuvosyn Investigational Site, Miami, Florida, 33179, United States|Neuvosyn Investigational Site, Sunrise, Florida, 33351, United States|Neuvosyn Investigational Site, Acworth, Georgia, 30101, United States|Neuvosyn Investigational Site, Atlanta, Georgia, 30318, United States|Neuvosyn Investigational Site, Columbus, Georgia, 31904, United States|Neuvosyn Investigational Site, Sugar Hill, Georgia, 30024, United States|Neuvosyn Investigational Site, Saginaw, Michigan, 48602, United States|Neuvosyn Investigational Site, Gladstone, Missouri, 64118, United States|Neuvosyn Investigational Site, Williamsville, New York, 14221, United States|Neuvosyn Investigational Site, Denver, North Carolina, 28037, United States|Neuvosyn Investigational Site, Winston-Salem, North Carolina, 27103, United States|Neuvosyn Investigational Site, Beavercreek, Ohio, 45440, United States|Neuvosyn Investigational Site, Columbus, Ohio, 31904, United States|Neuvosyn Investigational Site, Georgetown, Texas, 78628, United States|Neuvosyn Investigational Site, Houston, Texas, 77040, United States|Neuvosyn Investigational Site, Katy, Texas, 77450, United States|Neuvosyn Investigational Site, Katy, Texas, 77494, United States|Neuvosyn Investigational Site, Lewisville, Texas, 75067, United States|Neuvosyn Investigational Site, Paris, Texas, 75462, United States|Neuvosyn Investigational Site, Pearland, Texas, 77584, United States|Neuvosyn Investigational Site, Stafford, Texas, 77477, United States"
NCT05412979,A Study Evaluating the Safety and Efficacy of Hormone Replacement Therapy With ST-1891 Compared to Levothyroxine in Patients With Primary Hypothyroidism,https://clinicaltrials.gov/study/NCT05412979,NO,Hypothyroidism,DRUG: ST-1891|DRUG: Levothyroxine,ALL,"ADULT, OLDER_ADULT",PHASE2,"Sention Investigational Site, Greenbrae, California, 94904, United States|Sention Investigational Site, Newhall, California, 91321, United States|Sention Investigational Site, Denver, Colorado, 80246, United States|Sention Investigational Site, Fort Lauderdale, Florida, 33312, United States|Sention Investigational Site, Jacksonville, Florida, 32258, United States|Sention Investigational Site, New Port Richey, Florida, 34652, United States|Sention Investigational Site, Palm Harbor, Florida, 34684, United States|Sention Investigational Site, Atlanta, Georgia, 30318, United States|Sention Investigational Site, Lawrenceville, Georgia, 30046, United States|Sention Investigational Site, Roswell, Georgia, 30076, United States|Sention Investigational Site, Evergreen Park, Illinois, 60805, United States|Sention Investigational Site, Newburgh, Indiana, 47630, United States|Sention Investigational Site, South Bend, Indiana, 46617, United States|Sention Investigational Site, Ankeny, Iowa, 50023, United States|Sention Investigational Site, Louisville, Kentucky, 40213, United States|Sention Investigational Site, Dearborn, Michigan, 48126, United States|Sention Investigational Site, Chesterfield, Missouri, 63017, United States|Sention Investigational Site, Jefferson City, Missouri, 65109, United States|Sention Investigational Site, Staten Island, New York, 10301, United States|Sention Investigational Site, Cary, North Carolina, 27518, United States|Sention Investigational Site, Greenville, North Carolina, 27834, United States|Sention Investigational Site, Hickory, North Carolina, 28601, United States|Sention Investigational Site, Morehead City, North Carolina, 28557, United States|Sention Investigational Site, Raleigh, North Carolina, 27609, United States|Sention Investigational Site, Rocky Mount, North Carolina, 27804, United States|Sention Investigational Site, Salisbury, North Carolina, 28144, United States|Sention Investigational Site, Wilmington, North Carolina, 28401, United States|Sention Investigational Site, Mount Pleasant, South Carolina, 29464, United States|Sention Investigational Site, Bristol, Tennessee, 37620, United States|Sention Investigational Site, Chattanooga, Tennessee, 37411, United States|Sention Investigational Site, Memphis, Tennessee, 38133, United States|Sention Investigational Site, Austin, Texas, 78731, United States|Sention Investigational Site, Austin, Texas, 78749, United States|Sention Investigational Site, Benbrook, Texas, 76132, United States|Sention Investigational Site, Live Oak, Texas, 78233, United States|Sention Investigational Site, Round Rock, Texas, 78681, United States|Sention Investigational Site, Webster, Texas, 77598, United States|Sention Investigational Site, Virginia Beach, Virginia, 23462, United States|Sention Investigational Site, Renton, Washington, 98057, United States"
NCT03257566,Hypothyroidism in Patients With Type 1 Diabetes,https://clinicaltrials.gov/study/NCT03257566,NO,Hypothyroidism,,ALL,CHILD,,
NCT02993562,"Hypothyroidism, Metabolism and Food Intake",https://clinicaltrials.gov/study/NCT02993562,NO,Hypothyroidism,DRUG: Levothyroxine,FEMALE,"ADULT, OLDER_ADULT",,"Center for Diabetes Research, Herlev and Gentofte Hospitals, Copenhagen, Region Hovedstaden, 2900, Denmark"
NCT02577367,Mean Percentage of Levothyroxine Dosage Increase in Patients With Hypothyroidism Started on Enteral Feeding,https://clinicaltrials.gov/study/NCT02577367,NO,Hypothyroidism,DRUG: Levothyroxine,ALL,"ADULT, OLDER_ADULT",PHASE4,"Maimonides Medical Center, Brooklyn, New York, 11219, United States"
NCT00565864,Neurocognitive and Metabolic Effects of Mild Hypothyroidism,https://clinicaltrials.gov/study/NCT00565864,YES,Hypothyroidism,DRUG: L-thyroxine (L-T4),ALL,"ADULT, OLDER_ADULT",PHASE4,"Oregon Health and Science University, Portland, Oregon, 97201, United States"
NCT03095963,Interaction Between Levothyroxine and Probiotics in Hypothyroid Patients,https://clinicaltrials.gov/study/NCT03095963,NO,Hypothyroidism,OTHER: a mixture of highly charged Lactobacilli and Bifidobacteria (VSL#3®)|DRUG: levothyroxin,ALL,"ADULT, OLDER_ADULT",NA,
NCT00818896,Maternal Hypothyroidism in Pregnancy,https://clinicaltrials.gov/study/NCT00818896,NO,Hypothyroidism,,FEMALE,"CHILD, ADULT",,"Women & Infants Hospital, Providence, Rhode Island, 02905, United States"
NCT02766283,Observational Study on Hypothyroidism in Young Children Following Iodine Contrast Exposure,https://clinicaltrials.gov/study/NCT02766283,YES,Hypothyroidism,DRUG: iodinated contrast agents,ALL,CHILD,,"Multiple Locations, Israel"
NCT06205303,Interventional Study to Improve Medication Adherence Using Patient Decision Aid,https://clinicaltrials.gov/study/NCT06205303,NO,Hypothyroidism,OTHER: Patient Decision Aid (Video),ALL,"ADULT, OLDER_ADULT",NA,"SingHealth Polyclinics, Singapore, Singapore"
NCT00524238,Metabolic Changes in Hypothyroid Patients,https://clinicaltrials.gov/study/NCT00524238,NO,Hypothyroidism,DRUG: L-thyroxine,ALL,"ADULT, OLDER_ADULT",NA,"Aarhus University Hospital, Aarhus, 8000, Denmark"
NCT02917863,Randomized Crossover Trial for the Evaluation of the Possible Effects in the Intestine of Two Different Pharmaceutical Forms of L - Thyroxine in Patients With Primary Acquired Hypothyroidism,https://clinicaltrials.gov/study/NCT02917863,NO,Hypothyroidism,"DRUG: L-Thyroxine (tablet, per os)|DRUG: L-Thyroxine (oral drops, solution)",ALL,"CHILD, ADULT",PHASE4,"Meyer Children's Hospital, Florence, Italy"
NCT02364102,Effect of Hypothyroidism on Brown Adipose Tissue,https://clinicaltrials.gov/study/NCT02364102,NO,Hypothyroidism,,ALL,"ADULT, OLDER_ADULT",,"University Hospital Basel, Department of Endocrinology, Basel, BS, 4031, Switzerland"
NCT02891668,"Hypothyroidism, Metabolism and Quality of Life - Focus on QOL, REE, Cognitive Function and Body Composition",https://clinicaltrials.gov/study/NCT02891668,NO,Hypothyroidism,DRUG: Levothyroxine treatment,ALL,"ADULT, OLDER_ADULT",,"Department of internal Medicine, Herlev Hospital, Herlev, Region Hovedstaden, DK-2730, Denmark"
NCT01197183,"Observational Study With Prospective and/or Retrospective Follow-up, Without Modifying Patient Treatment and Follow-up Practices for the Initial Treatment of Hypothyroidism in France",https://clinicaltrials.gov/study/NCT01197183,NO,Hypothyroidism,,ALL,ADULT,,"Merck Lipha Santé Laboratories, Saint Romain, Lyon, 69008, France"
NCT02567877,Is Levothyroxine Alone Adequate Thyroid Hormone Replacement?,https://clinicaltrials.gov/study/NCT02567877,NO,Postsurgical Hypothyroidism|Hypothyroidism,PROCEDURE: thyroidectomy|DRUG: levothyroxine in thyroidectomy patients,ALL,"ADULT, OLDER_ADULT",,"University of Colorado Anschutz Medical Campus, Aurora, Colorado, 80045, United States"
NCT02467244,"Effect of Levothyroxine on Serum Adiponectin, Insulin Resistance and Cardiovascular Risk in Patients With Hypothyroidism",https://clinicaltrials.gov/study/NCT02467244,NO,Hypothyroidism,DRUG: Levothyroxine,ALL,"ADULT, OLDER_ADULT",,"AIIMS, Bhubaneswar, Bhubaneshwar, Odisha, 751019, India"
NCT00206375,Growth Hormone and GnRH Agonist in Adolescents With Acquired Hypothyroidism,https://clinicaltrials.gov/study/NCT00206375,YES,Hypothyroidism,DRUG: Growth hormone|DRUG: Growth hormone treatment and puberty,ALL,CHILD,PHASE4,"Baylor college of Medicine, Houston, Texas, 77030, United States"
NCT01769157,Effects of L-carnitine on Hypothyroidism,https://clinicaltrials.gov/study/NCT01769157,NO,Hypothyroidism,DRUG: L-carnitine|DRUG: Placebo,ALL,"ADULT, OLDER_ADULT",PHASE4,"Korea University Anam Hospital, Seoul, Korea, Republic of"
NCT01800617,A Study of T3 Therapy in Patients With Hypothyroidism,https://clinicaltrials.gov/study/NCT01800617,NO,Hypothyroidism,"DRUG: Liothyronine, Sodium",ALL,"ADULT, OLDER_ADULT",PHASE2,"Georgetown University Hospital, Washington, District of Columbia, 20007, United States"
NCT00403390,Generic vs. Name-Brand Levothyroxine,https://clinicaltrials.gov/study/NCT00403390,YES,Congenital Hypothyroidism|Hypothyroidism,DRUG: Brand Name Levothyroxine (Synthroid)|DRUG: Generic formulation of Levothyroxine,ALL,"CHILD, ADULT",NA,"Children's Hospital Boston, Boston, Massachusetts, 02115, United States"
NCT02094079,Monitoring and Evaluation of the Levothyroxin Replacement Therapy in Pregnant Women With Hypothyroidism,https://clinicaltrials.gov/study/NCT02094079,NO,Hypothyroidism,OTHER: biomedical outcomes,FEMALE,ADULT,,"Endocrine Unit O, Herlev Hospital, University of Copenhagen, Herlev, dk 2730, Denmark"
NCT05821881,REduction of LEvothyroxine in Adults; a SElf Controlled Study,https://clinicaltrials.gov/study/NCT05821881,NO,Hypothyroidism,OTHER: Discontinuation of levothyroxine treatment,ALL,"ADULT, OLDER_ADULT",,"Leiden University Medical Center, Leiden, 2300 RC, Netherlands"
NCT03926585,Variations in the DIO2 and MCT10 Genes and Effect of Triiodothyronine Treatment,https://clinicaltrials.gov/study/NCT03926585,NO,Hypothyroidism,,ALL,"ADULT, OLDER_ADULT",,"Herlev Hospital, Herlev, 2730, Denmark"
NCT06073665,Dosing of LT4 in Older Individuals,https://clinicaltrials.gov/study/NCT06073665,NO,Hypothyroidism,DRUG: Levothyroxine Sodium,ALL,OLDER_ADULT,PHASE4,"Penn Medicine, Smilow Translational Research Center, Philadelphia, Pennsylvania, 19104, United States"
NCT00770016,Insulin Sensitivity and Metabolism Before and After Treatment in Patients With Hypothyroidism,https://clinicaltrials.gov/study/NCT00770016,NO,Hypothyroidism,DRUG: Levothyroxin,ALL,"ADULT, OLDER_ADULT",NA,"Medical department M (Endocrinology and Diabetes), Aarhus University Hospital, Aarhus Sygehus,, Aarhus, 8000, Denmark"
NCT03779906,Thyroid Function of Pediatric Subjects Following Isovue® Administration,https://clinicaltrials.gov/study/NCT03779906,NO,Hypothyroidism,DRUG: Isovue,ALL,CHILD,PHASE4,"Children's Hospital and Medical Center, Omaha, Nebraska, 68114, United States"
NCT05421468,Timing of Thyroxine Dose In Ramadan,https://clinicaltrials.gov/study/NCT05421468,NO,Hypothyroidism,OTHER: L-Thyroxine time B (5-15 minutes Before dawn),ALL,"ADULT, OLDER_ADULT",NA,"Reem Alamoudi, Jeddah, 21423, Saudi Arabia|KingAbullahIMRC, Jeddah, Saudi Arabia"
NCT00715572,Combined Therapy With L-Thyroxine and L-Triiodothyronine Compared to L-Thyroxine Alone,https://clinicaltrials.gov/study/NCT00715572,NO,Hypothyroidism,DRUG: thyroxine|DRUG: thyroxine and triiodothyronine,FEMALE,ADULT,NA,
NCT05033496,The Yield of Postnatal Thyroid Function Test in the Well Baby Nursery,https://clinicaltrials.gov/study/NCT05033496,NO,Hypothyroidism,DIAGNOSTIC_TEST: Thyroid function test,ALL,CHILD,,"Hillel Yaffe medical center, H̱adera, Hadera, 38100, Israel"
NCT04877665,Establishing RIs for TSH in Children Under the Age of Two Years,https://clinicaltrials.gov/study/NCT04877665,NO,Hypothyroidism,,ALL,CHILD,,"The Aga Khan University, Karachi, Sindh, 3500, Pakistan"
NCT02317926,Desiccated Thyroid Extract Versus Synthetic T3/T4 Combination (ThyrolarTM) Versus L-T4 Alone in the Therapy of Primary Hypothyroidism With Special Attention to the Gene Polymorphism,https://clinicaltrials.gov/study/NCT02317926,NO,Hypothyroidism,DRUG: Levothyroxine|DRUG: Levothyroxine Plus Liothyronine|DRUG: Desiccated Thyroid Extract,ALL,"ADULT, OLDER_ADULT",NA,"Walter Reed National Military Medical Center, Besthesda, Maryland, 20889, United States"
NCT04098991,Improving White Matter Integrity With Thyroid Hormone,https://clinicaltrials.gov/study/NCT04098991,NO,Hypothyroidism,DRUG: Levothyroxine,ALL,ADULT,,"University of Illinois at Chicago, Chicago, Illinois, 60612, United States"
NCT03988517,Comparing Two-time Points of Thyroid Hormone Replacement During the Holy Month of Ramadan,https://clinicaltrials.gov/study/NCT03988517,NO,Hypothyroidism,OTHER: timing of receiving the drug,ALL,"ADULT, OLDER_ADULT",NA,"Hamad General Hospital, Doha, 3050, Qatar"
NCT01744743,Preconceptional Thyroid Screening and Childhood Nerocognitive Function,https://clinicaltrials.gov/study/NCT01744743,NO,Hypothyroidism,PROCEDURE: levothyroxine,FEMALE,ADULT,NA,"Obstetrics and Gynecology Hospital, Fudan University, Shanghai, Shanghai, 200011, China"
NCT01921452,Study to Verify Clinical Utility of Point-of-Care (POC) Thyroid Stimulating Hormone (TSH) Test Kits as Compared to Third Generation TSH Test Kit,https://clinicaltrials.gov/study/NCT01921452,YES,Hypothyroidism,DEVICE: Quantitative POC TSH Kit|DEVICE: Qualitative POC TSH Kit|DEVICE: Third generation TSH Kit,ALL,"CHILD, ADULT, OLDER_ADULT",PHASE4,"Research site, Shanghai, China"
NCT03053115,Combined Replacement Therapy With Levothyroxine and Liothyronine in Thyroidectomized Patients,https://clinicaltrials.gov/study/NCT03053115,NO,Hypothyroidism,DRUG: Liothyronine|DRUG: Levothyroxin|DRUG: Placebos,ALL,"ADULT, OLDER_ADULT",PHASE2|PHASE3,"AziendaUSLModena, Modena, 41126, Italy"
NCT01744769,Effects of Thyroid Hormone Withdrawal on Metabolic Parameters During Radioactive Iodine Therapy in Thyroid Cancer,https://clinicaltrials.gov/study/NCT01744769,NO,Hypothyroidism,,ALL,"ADULT, OLDER_ADULT",,"Konkuk University Medical Center, Seoul, 143-729, Korea, Republic of"
NCT00111735,Thyroxine Titration Study,https://clinicaltrials.gov/study/NCT00111735,NO,Hypothyroidism,DRUG: Thyroxine,ALL,"ADULT, OLDER_ADULT",PHASE4,"Sir Charles Gairdner Hospital, Nedlands, Western Australia, 6009, Australia"
NCT01916304,Study of Dose Adjustment From Levothyroxine to a New Levothyroxine Sodium Test Formulation,https://clinicaltrials.gov/study/NCT01916304,YES,Hypothyroidism,DRUG: Levothyroxine sodium new formulation,ALL,"ADULT, OLDER_ADULT",PHASE2,"Leuven, Belgium"
NCT01647750,Study of Optimal Replacement of Thyroxine in the Elderly,https://clinicaltrials.gov/study/NCT01647750,NO,Hypothyroidism,DRUG: Levothyroxine|DRUG: Levothyroxine,ALL,OLDER_ADULT,PHASE4,"Bensham Hospital, Gateshead, Tyne and Wear, NE8 4YL, United Kingdom|Clinical Research Facility, Newcastle upon Tyne, Tyne and Wear, NE1 4LP, United Kingdom"
NCT01536678,Bioequivalence of Two Levothyroxine Tablet Formulations in Healthy Indian Volunteers,https://clinicaltrials.gov/study/NCT01536678,NO,Hypothyroidism,DRUG: Levothyroxine|DRUG: Levothyroxine,MALE,ADULT,PHASE4,"GSK Investigational Site, Hyderabad, 500051, India"
NCT00287144,Post Partum Thyroiditis 2: Long Term Observations,https://clinicaltrials.gov/study/NCT00287144,NO,Hypothyroidism,,FEMALE,"CHILD, ADULT, OLDER_ADULT",,"Sykehuset Telemark HF, Skien, 3710, Norway"
NCT03823859,Metabolomics of Thyroid Hormones,https://clinicaltrials.gov/study/NCT03823859,NO,Central Hypothyroidism|Hypothyroidism|Hyperthyroidism,DIAGNOSTIC_TEST: Indirect calorimetry|DIAGNOSTIC_TEST: Dual energy X-ray Absorptiometry (DXA)|DIAGNOSTIC_TEST: Blood sampling,ALL,"ADULT, OLDER_ADULT",,"University Hospital Basel, Department of Endocrinology, Basel, BS, 4031, Switzerland"
NCT00747760,TSH Receptor Mutations Among a Consanguineous Community,https://clinicaltrials.gov/study/NCT00747760,NO,Hypothyroidism,,ALL,"CHILD, ADULT, OLDER_ADULT",,"Samuell Refetoff, Chicago, Illinois, 60637-1470, United States|Ha'Emek Medical Center, Afula, 18101, Israel"
NCT00205348,Swallowing Function Before and After Surgery for Thyroid Goiter,https://clinicaltrials.gov/study/NCT00205348,YES,Hypothyroidism,,ALL,"ADULT, OLDER_ADULT",,
NCT04712760,Congenital Hypothyroidism in Children With Eutopic Gland or Thyroid Hemiagenesis: Predictive Factors for Transient vs Permanent Hypothyroidism.,https://clinicaltrials.gov/study/NCT04712760,NO,Congenital Hypothyroidism,,ALL,CHILD,,"CHRU Nancy, Nancy, 54000, France"
NCT04831957,Hypothyroidism After the TAVI Procedure in Elderly Patients,https://clinicaltrials.gov/study/NCT04831957,NO,Hypothyroidism|TAVI,DIAGNOSTIC_TEST: Assesment of thyroïd function,ALL,OLDER_ADULT,NA,"UZ brussel, Brussel, 1090, Belgium"
NCT05801822,Screening of Subclinical Hypothyroidism in Pregnant Women,https://clinicaltrials.gov/study/NCT05801822,NO,Subclinical Hypothyroidism,DIAGNOSTIC_TEST: serum T.S.H level test,FEMALE,ADULT,,
NCT05276856,Recovery Rate in Secondary Hypothyroidism,https://clinicaltrials.gov/study/NCT05276856,NO,Secondary Hypothyroidism,DRUG: Levothyroxine,ALL,"ADULT, OLDER_ADULT",,
NCT03036956,The Prevalence of Sub Clinical Hypothyroidism During Early Pregnancy in Pakistan,https://clinicaltrials.gov/study/NCT03036956,NO,Subclinical Hypothyroidism,,FEMALE,ADULT,,"Isra University hospital, Hyderabad, 71800, Pakistan|Pakistam Insititute of Medical science, Islamabad, 144001, Pakistan|Atia Hospital Hospital, Karachi, 75100, Pakistan|Boluvard Hospital, Karachi, 75500, Pakistan|MediCell Hospital, Karachi, 75500, Pakistan|Services Hospital, Lahore, 54000, Pakistan|Sir Ganga Ram hospital, Lahore, 54000, Pakistan|Welcare Medical Centre, Muzafferabad, Azad Kashmir, 13100, Pakistan|Lady Reading hospital, Peshawar, 25000, Pakistan"
NCT03465176,The Effect of Aroma on Fatigue Scores Among Women With Hypothyroidism,https://clinicaltrials.gov/study/NCT03465176,NO,Fatigue|Hypothyroidism,OTHER: Aromatherapy Blend|OTHER: Placebo,FEMALE,ADULT,NA,"Franklin Institute of Wellness, Franklin, Tennessee, 37067, United States"
NCT05316922,TSH Suppression During Radiotherapy on Thyroid Site to Prevent Iatrogenic Hypothyroidism in Pediatric Cancer Patients,https://clinicaltrials.gov/study/NCT05316922,NO,Hypothyroidism; Irradiation,DRUG: Levothyroxine,ALL,"CHILD, ADULT, OLDER_ADULT",PHASE3,"Fondazione IRCCS Istituto Nazionale dei Tumori, Milan, 20133, Italy"
NCT05371262,Influence of Initial Levothyroxine Dose on Neurodevelopmental and Growth Outcomes in Congenital Hypothyroidism,https://clinicaltrials.gov/study/NCT05371262,NO,Congenital Hypothyroidism,DRUG: Levothyroxin,ALL,CHILD,PHASE4,
NCT02430857,Osteopathy and Latent Hypothyroidism,https://clinicaltrials.gov/study/NCT02430857,NO,Latent Hypothyroidism,OTHER: OMT,FEMALE,"ADULT, OLDER_ADULT",NA,
NCT04288115,Discontinuation of Levothyroxine Therapy for Patients With Subclinical Hypothyroidism,https://clinicaltrials.gov/study/NCT04288115,YES,Subclinical Hypothyroidism,DRUG: Levothyroxine|OTHER: Placebo,ALL,"ADULT, OLDER_ADULT",PHASE4,"Central Arkansas Veterans Healthcare System Eugene J. Towbin Healthcare Center, Little Rock, AR, North Little Rock, Arkansas, 72114-1706, United States"
NCT04784208,A Study to Determine the Validity and Sensitivity of 'Questionnaire to Screen for HYpothyroidism' (Q'SHY),https://clinicaltrials.gov/study/NCT04784208,NO,Hypothyroidism|Healthy,DIAGNOSTIC_TEST: Blood test for Thyroid stimulating hormone (TSH),ALL,"ADULT, OLDER_ADULT",,"Diabecare, Mumbai, Maharashtra, 400706, India|Center for Diabetes and Endocrine care, Bangalore, 560043, India|Apollo Excelcare Hospital, Guwahati, 781033, India|Care Outpatient Centre, Hyderabad, 500034, India|FS Endocrine and Diabetic Centre, Hyderabad, 500059, India|Dr. MV Rama Mohan, MD, DM, Hyderabad, India|Diabetes Thyroid Endocrine Center, Jaipur, 302006, India|Healthy Lifestyle Clinic, Kolkata, 700014, India|Ananda Clinic, Kolkata, 700034, India|Khandelwal Diabetes Thyroid & Endocrinology Clinic, New Delhi, 110063, India|Chellaram Diabetes Institute, Pune, 411021, India"
NCT05228184,Use of Tirosint®-SOL or Tablet Formulations of Levothyroxine in Pediatric Patients With Congenital Hypothyroidism (CH),https://clinicaltrials.gov/study/NCT05228184,NO,Congenital Hypothyroidism,DRUG: Tirosint®-SOL|DRUG: Levothyroxine Sodium,ALL,CHILD,PHASE4,"Children's Hospital of Los Angeles, Los Angeles, California, 90027, United States|CHOC Children's Hospital, Orange, California, 92868, United States|University of California San Francisco, San Francisco, California, 94143, United States|Yale University, New Haven, Connecticut, 06511, United States|Children's Hospital of Atlanta, Atlanta, Georgia, 30329, United States|Ann & Robert H. Lurie Children's Hospital of Chicago, Chicago, Illinois, 60611, United States|Boston Children's Hospital, Boston, Massachusetts, 02115, United States|Children's Mercy Hospital and Clinics, Kansas City, Missouri, 64111, United States|Icahn School of Medicine at Mount Sinai, New York, New York, 10029, United States|Children's Hospital Medical Center, Cincinnati, Ohio, 45229, United States|Children's Hospital of Philadelphia, Philadelphia, Pennsylvania, 19104, United States|Cook Children's Health Care Systems, Fort Worth, Texas, 76104, United States"
NCT01997554,Validation of a New TSH Test,https://clinicaltrials.gov/study/NCT01997554,NO,Sub-clinical Hypothyroidism|Hypothyroidism|Euthyroidism,OTHER: Blood sample,ALL,"ADULT, OLDER_ADULT",NA,"Centre Hospitalier de Chambéry, Chambéry, 73000, France|Centre Hospitalier Lyon Sud, Pierre-Bénite, 69495, France"
NCT01280292,"Central Hypothyroidism, a Novel Laboratory Measurement",https://clinicaltrials.gov/study/NCT01280292,NO,Central Hypothyroidism,DRUG: Eltroxin,ALL,"ADULT, OLDER_ADULT",NA,
NCT05682482,LT4/LT3 Combination Therapy Versus LT4 Monotherapy in Patients With Autoimmune Hypothyroidism.,https://clinicaltrials.gov/study/NCT05682482,NO,Autoimmune Hypothyroidism,DRUG: LT3 (liothyronine)|DRUG: Placebo,ALL,"ADULT, OLDER_ADULT",PHASE3,"Amsterdam UMC - Location AMC, Amsterdam, Netherlands|Rijnstate, Arnhem, Netherlands|Van Weel-Bethesda Hospital, Dirksland, Netherlands|Albert Schweitzer Hospital, Dordrecht, Netherlands|Admiraal de Ruyter Hospital, Goes, Netherlands|University Medical Center Groningen, Groningen, Netherlands|Leiden University Medical Center, Leiden, Netherlands|Maastricht University Medical Center, Maastricht, Netherlands|Radboudumc, Nijmegen, Netherlands|Erasmus Medical Center, Rotterdam, Netherlands|Maasstad Hospital, Rotterdam, Netherlands|Franciscus Gasthuis & Vlietland, Schiedam, Netherlands|Zuyderland, Sittard, Netherlands|University Medical Center Utrecht, Utrecht, Netherlands|Maxima Medical Center, Veldhoven, Netherlands"
NCT02090907,Effects of Levothyroxine on Endothelial Function of Patients With Subclinical Hypothyroidism,https://clinicaltrials.gov/study/NCT02090907,NO,Subclinical Hypothyroidism,DRUG: Levothyroxine|DRUG: Placebo,ALL,"ADULT, OLDER_ADULT",PHASE2|PHASE3,"Khorshid endocrinology clinic, Isfahan, Iran, Islamic Republic of"
NCT01801033,Effects of Thyroid Hormone Enzyme Blocking on Hypothyroidism,https://clinicaltrials.gov/study/NCT01801033,NO,Hypothyroidism|Thyroidectomy,,ALL,"ADULT, OLDER_ADULT",,
NCT02399475,Mechanistic Study of Subclinical Hypothyroidism In the Elderly,https://clinicaltrials.gov/study/NCT02399475,YES,Subclinical Hypothyroidism,DRUG: Levothyroxine|DRUG: Liothyronine|DRUG: Thyrotropin-Releasing Hormone,ALL,OLDER_ADULT,NA,"University of Pennsylvania, Philadelphia, Pennsylvania, 19104, United States"
NCT00962221,Lipids Profile in Subclinical Hypothyroidism,https://clinicaltrials.gov/study/NCT00962221,NO,Subclinical Hypothyroidism,PROCEDURE: laboratory analysis,ALL,"ADULT, OLDER_ADULT",,"Endocrine Institute, Haemek Medical Center, Afula, 18101, Israel"
NCT02689609,Post-radiation Hypothyroidism After IMRT for Nasopharyngeal Carcinoma,https://clinicaltrials.gov/study/NCT02689609,NO,Hypothyroidism|Complications,RADIATION: Intensity-modulated radiation therapy,ALL,"ADULT, OLDER_ADULT",,
NCT02374593,Targeted Levothyroxine Dosing in Infants With Congenital Hypothyroidism,https://clinicaltrials.gov/study/NCT02374593,YES,Congenital Hypothyroidism,DRUG: Levothyroxine|DEVICE: Ultrasound,ALL,CHILD,NA,"Riley Hospital for Children, Indianapolis, Indiana, 46202, United States"
NCT01660126,Thyroid Hormone Replacement for Subclinical Hypothyroidism,https://clinicaltrials.gov/study/NCT01660126,NO,Subclinical Hypothyroidism,DRUG: Levothyroxine|DRUG: Placebo,ALL,OLDER_ADULT,PHASE4,"Glasgow Royal Infirmary, NHS Greater Glasgow and Clyde, Glasgow, G31 2ER, United Kingdom"
NCT05019118,Dietary Intervention With Únicla Dairy Products (DANTIAN),https://clinicaltrials.gov/study/NCT05019118,NO,Subclinical Hypothyroidism,OTHER: Experimental milk|OTHER: Experimental yogur|OTHER: Experimental fresh cheese|OTHER: Placebo milk|OTHER: Placebo yogur|OTHER: Placebo fresh cheese,FEMALE,"ADULT, OLDER_ADULT",NA,"Nursing University School of Ourense, Ourense, 32005, Spain"
NCT02005250,Bone Structure and Strength Evaluated by Extreme-CT Scan Before and After Treatment of Hyper- and Hypothyroidism,https://clinicaltrials.gov/study/NCT02005250,YES,Hyperthyroidism|Hypothyroidism,,FEMALE,"ADULT, OLDER_ADULT",,"Odense University Hospital, Odense, 5000, Denmark"
NCT00493103,TG Gene Mutations and Congenital Hypothyroidism,https://clinicaltrials.gov/study/NCT00493103,NO,Congenital Hypothyroidism,,ALL,"CHILD, ADULT, OLDER_ADULT",,
NCT04734457,Final Height in Patients With CH Diagnosed by the Screening,https://clinicaltrials.gov/study/NCT04734457,NO,Congenital Hypothyroidism,DRUG: Levothyroxin,ALL,"CHILD, ADULT, OLDER_ADULT",,"Ain Shams University, Cairo, Abbasiya, 1181, Egypt"
NCT01916018,Clinical and Genetic Analysis in Congenital Hypothyroidism Due to Thyroid Dysgenesis.,https://clinicaltrials.gov/study/NCT01916018,NO,Congenital Hypothyroidism,OTHER: Clinical and radiologic exams and blood samples,ALL,"CHILD, ADULT, OLDER_ADULT",NA,"Pediatric endocrinology gynecology and diabetology, Hôpital Necker Enfants Malades, Assistance Publique - Hôpitaux de Paris , Université Paris Descartes, INSERM unit U 845, Paris, 75015, France"
NCT01739972,Desiccated Thyroid Extract and Levothyroxine for Hypothyroidism Treatment,https://clinicaltrials.gov/study/NCT01739972,NO,Primary Hypothyroidism.,DRUG: Levothyroxine|DRUG: Desiccated thyroid extract,ALL,"ADULT, OLDER_ADULT",NA,"Walter Reed National Military Medical Center, Endocrinology, Bethesda, Maryland, 20889-5600, United States|Walter Reed National Military Medical Center, Bethesda, Maryland, 20889-5600, United States"
NCT05733078,Effect of Vitamin C Supplementation in Patients With Primary Hypothyroidism,https://clinicaltrials.gov/study/NCT05733078,NO,Hypothyroidism|Primary Hypothyroidism|Vitamin C Deficiency,DRUG: Vitamin C|DRUG: Oral Rehydration Salt Formulations,ALL,"ADULT, OLDER_ADULT",PHASE2,"Internal Medicine, College of Medicine and Health Sciences, Al Ain, Abu Dhabi, 15551, United Arab Emirates"
NCT03102177,"Effect of Age, Weight and Sex on Levothyroxine Pharmacokinetics",https://clinicaltrials.gov/study/NCT03102177,NO,Hypothyroidism Primary,DRUG: Administration of stable Isotope labeled levothyroxine,ALL,"ADULT, OLDER_ADULT",EARLY_PHASE1,
NCT00921050,Subclinical Hypothyroidism and Mind in the Elderly,https://clinicaltrials.gov/study/NCT00921050,NO,Subclinical Hypothyroidism,DRUG: levothyroxine sodium|DRUG: excipient without levothyroxine (placebo),ALL,"ADULT, OLDER_ADULT",PHASE2|PHASE3,"Endocrinology, Outpatient Hospital Clinic, Monterrey, Nuevo Leon, 64460, Mexico|Community Health Center (Fomerrey 19), Monterrey, Nuevo Leon, Mexico"
NCT03496363,Hypothyroidism With Congenital Heart Disease (CHD),https://clinicaltrials.gov/study/NCT03496363,NO,Hypothyroidism|CHD,"DIAGNOSTIC_TEST: TSH , T4",ALL,CHILD,,
NCT04806269,Biosignals by Wearables in Thyroid Dysfunction,https://clinicaltrials.gov/study/NCT04806269,NO,Thyrotoxicosis|Hypothyroidism,DEVICE: Fitbit and Glandy,ALL,ADULT,,"Seoul National University Bundang Hospital, Seongnam-si, Gyeonggi-do, 13620, Korea, Republic of"
NCT00230802,Thyroid Hormone Dose Adjustment in Pregnancy,https://clinicaltrials.gov/study/NCT00230802,YES,Pregnancy|Hypothyroidism,DRUG: Anticipatory dose increase of levothyroxine|DRUG: levothyroxine|DRUG: levothyroxine,FEMALE,"CHILD, ADULT, OLDER_ADULT",NA,"Brigham and Women's Hospital, Boston, Massachusetts, 02115, United States"
NCT00498238,The Effect of Levothyroxine on Arterial Stiffness and Lipid Profile in Patients With Subclinical Hypothyroidism,https://clinicaltrials.gov/study/NCT00498238,NO,Subclinical Hypothyroidism,DRUG: Levothyroxine,ALL,"ADULT, OLDER_ADULT",NA,
NCT04988802,The Effect of Dietary Supplements for Pregnant Women on Levothyroxine Absorption,https://clinicaltrials.gov/study/NCT04988802,NO,Hypothyroidism Primary,DIETARY_SUPPLEMENT: Prenatal Nutrients Solgar|OTHER: Placebo,FEMALE,"ADULT, OLDER_ADULT",NA,"Dubrava University Hospital, Zagreb, Grad Zagreb, 10000, Croatia"
NCT04648722,Higher Levothyroxine Requirements After Right-side Hemithyroidectomy,https://clinicaltrials.gov/study/NCT04648722,NO,Hemithyroidectomy|Hypothyroidism,PROCEDURE: Hemithyroidectomy,ALL,"ADULT, OLDER_ADULT",,"Medical University of Vienna, Vienna, 1090, Austria"
NCT04767763,Thyroid Function in Critically Ill Patients With Acute Kidney Injury,https://clinicaltrials.gov/study/NCT04767763,NO,Secondary Hypothyroidism,"DIAGNOSTIC_TEST: Assessment of TSH, fT3, fT4,TRH, TT3, TT4, rT3 in patients with CVVHDF",ALL,"CHILD, ADULT, OLDER_ADULT",,"Medical University of Gdansk - Departament of Anesthesiology and Intensive Care, Gdańsk, Pomorskie, 80-214, Poland"
NCT01838031,Thyroid Screening Protocol During Pregnancy: a Multi-center Prospective Controlled Study,https://clinicaltrials.gov/study/NCT01838031,NO,Subclinical Hypothyroidism,OTHER: thyroid screening,FEMALE,ADULT,NA,"Peking Union Medical College Hospital, Beijing, Beijing, 100730, China"
NCT03094416,Levothyroxine Sodium in Thyroidectomized Patients Taking Proton Pump Inhibitors,https://clinicaltrials.gov/study/NCT03094416,YES,Hypothyroidism;Postablative,DRUG: levothyroxine sodium capsule|DRUG: Proton pump inhibitor (PPI)|DRUG: Levothyroxine Sodium (LT4) Tablets,ALL,"ADULT, OLDER_ADULT",PHASE4,"California Head and Neck Specialists, La Jolla, California, 92037, United States|Coastal Metabolic Research Centre, Ventura, California, 93003, United States|Washington Hospital Center, Washington, District of Columbia, 20010-2975, United States|MedStar Union Memorial Hospital, Baltimore, Maryland, 21218, United States|NYC Health + Hospitals/ Queens, New York, New York, 11432, United States|Diabetes & Endocrinology Consultants, PC, Morehead City, North Carolina, 28557, United States|Carolina Ear Nose and Throat Clinic, Orangeburg, South Carolina, 29118, United States|Virginia Commonwealth University, Richmond, Virginia, 23298, United States|Stonesifer Endocrine Care & Clinical Research Inc., PS, Federal Way, Washington, 98003, United States"
NCT01145040,NOMOTHETICOS: Nonlinear Modelling of Thyroid Hormones' Effect on Thyrotropin Incretion in Confirmed Open-loop Situation,https://clinicaltrials.gov/study/NCT01145040,NO,Hypothyroidism|Hyperthyroidism,,ALL,"CHILD, ADULT, OLDER_ADULT",,"Klinikum Ludwigsburg-Bietigheim, Bietigheim, BW, D-74321, Germany|Institute for diagnostical radiology, interventional radiology and nuclear medicine, Bergmannsheil University Hospitals, Ruhr University of Bochum, Bochum, NRW, D-44789, Germany|Medical Hospital I, Bergmannsheil University Hospitals, Ruhr University of Bochum, Bochum, NRW, D-44789, Germany"
NCT01204359,The Prospective Study of Standard Treatment of Graves Disease Iodine 131 and Prevention of Adverse Reactions,https://clinicaltrials.gov/study/NCT01204359,NO,Hypothyroidism|Exophthalmos,RADIATION: Iodine 131,ALL,"CHILD, ADULT, OLDER_ADULT",PHASE3,"Sun Yat-sen Memorial Hospital, Guangzhou, Guangdong, 510120, China|Ningyi Jiang, Guangzhou, China"
NCT01379170,Thyroid Study Type 2 Diabetes Mellitus (T2DM),https://clinicaltrials.gov/study/NCT01379170,NO,Diabetes|Hypothyroidism,DRUG: Euthyrox (levothyroxine),ALL,"ADULT, OLDER_ADULT",PHASE4,"Maastricht University Medical Centre, Maastricht, Limburg, 6200MD, Netherlands"
NCT06096454,Effect of Life Style Modification and Metformin on Hypothyroidism With Insulin Resistance,https://clinicaltrials.gov/study/NCT06096454,NO,Hypothyroidism|Insulin Resistance,DRUG: Metformin,ALL,"ADULT, OLDER_ADULT",PHASE4,
NCT02512978,Thyroid Hormone Replacement for Hypothyroidism and Acute Myocardial Infarction(ThyroHeart-AMI),https://clinicaltrials.gov/study/NCT02512978,NO,Myocardial Infarction|Hypothyroidism,DRUG: Levothyroxine,ALL,"ADULT, OLDER_ADULT",PHASE4,"Fuwai Cardiovascular Hospital, Beijing, 100037, China"
NCT04354896,The Effect of Thyroid Hormone Therapy on Muscle Mass and Function in Older Adults With Subclinical Hypothyroidism,https://clinicaltrials.gov/study/NCT04354896,NO,Subclinical Hypothyroidism|Sarcopenia,DRUG: Levothyroxin|DRUG: Placebo,ALL,OLDER_ADULT,PHASE4,"Department of Gerontology and Geriatrics, Leiden University Medical Center, Leiden, Netherlands|Department of Public Health and Primary Care, Leiden University Medical Center, Leiden, Netherlands|Institute for Evidence-Based Medicine in Old Age, Leiden, Netherlands|Department of General Internal Medicine, Lausanne, Vaud, 1011, Switzerland|Clinic for General Internal Medicine, Bern University Hospital Bern, Bern, 3010, Switzerland"
NCT03178253,Hypothyroidism in Patients With Type 2 Diabetes With Early Diabetic Nephropathy,https://clinicaltrials.gov/study/NCT03178253,NO,Hypothyroidism in Diabetes,,ALL,"ADULT, OLDER_ADULT",,"Maria Hamdy, Assuit, Egypt"
NCT00488644,Combined Levothyroxine/Liothyronine Supplementation in Hypothyroid Patients With Brain Tumors,https://clinicaltrials.gov/study/NCT00488644,YES,Hypothyroidism|Brain Tumor,DRUG: Levothyroxine|DRUG: Liothyronine,ALL,"ADULT, OLDER_ADULT",NA,"UT MD Anderson Cancer Center, Houston, Texas, 77030, United States"
NCT01853579,The TRUST Study - Depression Substudy,https://clinicaltrials.gov/study/NCT01853579,NO,Subclinical Hypothyroidism|Depression,DRUG: Levothyroxine|DRUG: Placebo,ALL,OLDER_ADULT,PHASE4,"Leiden University Medical Center, Leiden, 2300, Netherlands|Department of General Internal Medicine, Lausanne, Vaud, 1011, Switzerland|University Clinic for General Internal Medicine, Bern University Hospital, Bern, 3010, Switzerland"
NCT00001730,Study of Radioiodine (131-I) Uptake Following Administration of Thyrogen and Hypothyroid States During Thyroid Hormone Withdrawal.,https://clinicaltrials.gov/study/NCT00001730,NO,Hypothyroidism|Thyroid Neoplasms,DRUG: Thyrogen,ALL,"CHILD, ADULT, OLDER_ADULT",PHASE4,"National Institute of Diabetes and Digestive and Kidney Diseases (NIDDK), Bethesda, Maryland, 20892, United States"
NCT04747275,Use of Liquid Stable Levothyroxine in Trisomy 21 Pediatric Patients,https://clinicaltrials.gov/study/NCT04747275,YES,Hypothyroidism|Trisomy 21,DRUG: Liquid stable levothyroxine (L-T4) Tirosint-SOL|DRUG: Oral tablet levothyroxine (L-T4),ALL,CHILD,PHASE4,"Children's Mercy Hospital, Kansas City, Missouri, 64108, United States"
NCT03120221,Iodine Status in Pregnant Women in Israel,https://clinicaltrials.gov/study/NCT03120221,NO,Iodine-Deficiency; Hypothyroidism,DIAGNOSTIC_TEST: Urine sample for iodine measurement,FEMALE,ADULT,,"Women Health Service, Ashdod, Israel|Women Health Center, Tel Aviv, Israel"
NCT05760131,Awareness of Osteoporosis in Patients With Hypothyroidism,https://clinicaltrials.gov/study/NCT05760131,NO,Hypothyroidism|Osteoporosis|Osteoporosis Risk,OTHER: Patient Participation Form,ALL,"ADULT, OLDER_ADULT",,
NCT02499471,Brown Adipose Tissue Activity and Thyroid Hormone,https://clinicaltrials.gov/study/NCT02499471,NO,Hypothyroidism|Hyperthyroidism|Obesity,OTHER: Levothyroxine therapy (137.75 ± 23.75 μg/day),ALL,"ADULT, OLDER_ADULT",NA,"Maastricht UMC, Maastricht, Limburg, 6229HX, Netherlands"
NCT01707056,The Effect of Coffee on the Absorption of Thyroid Hormone in Patients With Thyroid Carcinoma,https://clinicaltrials.gov/study/NCT01707056,NO,Thyroid Carcinoma|Hypothyroidism,OTHER: Black Coffee|OTHER: Coffee with Milk|OTHER: Black Tea|OTHER: Water,ALL,ADULT,NA,"Georgetown University Hospital, Washington, District of Columbia, 20007, United States|Washington Hospital Center, Washington, District of Columbia, 20010, United States|MedStar St. Mary's Hospital, Leonardtown, Maryland, 20650, United States"
NCT06408909,Pharmacist Role in Thyroid Disorders,https://clinicaltrials.gov/study/NCT06408909,NO,Hypothyroidism|Hyperthyroidism|Thyroid Diseases,BEHAVIORAL: Clinical Pharmacist Intervention Group,ALL,"ADULT, OLDER_ADULT",NA,"Marmara University, Istanbul, 34854, Turkey"
NCT05247476,Type 2 Deiodinase Gene Polymorphism and the Treatment of Hypothyroidism Caused by Thyroidectomy in Thyroid Cancer Patients.,https://clinicaltrials.gov/study/NCT05247476,NO,"Thyroid Cancer, Papillary|Hypothyroidism",DRUG: L-T4|DRUG: L-T4+T3 (thyroid tablet),ALL,"ADULT, OLDER_ADULT",PHASE4,"Yan Ling, Xiamen, Fujian, 361004, China"
NCT03096613,Thyroid Hormone Replacement for Subclinical Hypothyroidism and Chronic Heart Failure (ThyroHeart-CHF),https://clinicaltrials.gov/study/NCT03096613,NO,Heart Failure|Subclinical Hypothyroidism,DRUG: Levothyroxine,ALL,"ADULT, OLDER_ADULT",PHASE4,"Chinese Academy of Medical Sciences, Fuwai Hospital, Beijing, Beijing, 100037, China"
NCT02548715,Levothyroxine Treatment for Subclinical Hypothyroidism After Head and Neck Surgery,https://clinicaltrials.gov/study/NCT02548715,NO,Hypothyroidism|Neoplasms|Postoperative Complications,DRUG: Levothyroxine|DRUG: Placebo,ALL,"ADULT, OLDER_ADULT",PHASE2|PHASE3,
NCT00360074,Phase 4 Study in Secondary Hypothyroidism: Body Weight Adapted Thyroxin Treatment and Triiodothyronine Supplementation,https://clinicaltrials.gov/study/NCT00360074,NO,Secondary Hypothyroidism|Hypopituitarism|Hyperlipidemias,"DRUG: Thyroxin, Triiodothyronine",ALL,"ADULT, OLDER_ADULT",PHASE4,"University Hospital Freiburg, Department of Medicine, Freiburg, Baden-Württemberg, 79104, Germany"
NCT01358136,ThyrOp: A Study of Individual Subclinical Hypothyroidism After Hemithyroidectomy for Benign Nontoxic Goiter,https://clinicaltrials.gov/study/NCT01358136,NO,Goiter|Hypothyroidism|Weight Gain,,ALL,"ADULT, OLDER_ADULT",,"Slagelse Hospital, Hospital South, Slagelse, Region Zealand, 4200, Denmark"
NCT01832753,Treatment Trial of Subclinical Hypothyroidism in Down Syndrome,https://clinicaltrials.gov/study/NCT01832753,YES,Down Syndrome|Subclinical Hypothyroidism,DRUG: Levothyroxine,ALL,"CHILD, ADULT",NA,"Children's National Medical Center, Washington, District of Columbia, 20010, United States|The Children's Hospital of Philadelphia, Philadelphia, Pennsylvania, 19104, United States"
NCT01223638,The Prevalence of Hearing Loss Among Children With Congenital Hypothyroidism,https://clinicaltrials.gov/study/NCT01223638,NO,Congenital Hypothyroidism|Hearing Loss,OTHER: Audiometry,ALL,"CHILD, ADULT",,"Ha'Emek Medical Center, Afula, 18101, Israel"
NCT00388297,Thyroid Therapy for Mild Thyroid Deficiency in Pregnancy,https://clinicaltrials.gov/study/NCT00388297,YES,Subclinical Hypothyroidism|Hypothyroxinemia|Pregnancy,DRUG: Levothyroxine|DRUG: Placebo for Levothyroxine,FEMALE,"CHILD, ADULT, OLDER_ADULT",PHASE3,"University of Alabama - Birmingham, Birmingham, Alabama, 35249, United States|Northwestern University, Chicago, Illinois, 60611, United States|Wayne State University, Detroit, Michigan, 48201, United States|Columbia University, New York, New York, 10032, United States|University of North Carolina - Chapel Hill, Chapel Hill, North Carolina, 27599, United States|Case Western University, Cleveland, Ohio, 44109, United States|Ohio State University, Columbus, Ohio, 43210, United States|Oregon Health & Sciences University, Portland, Oregon, 97239, United States|University of Pittsburgh Magee Womens Hospital, Pittsburgh, Pennsylvania, 15213, United States|Brown University, Providence, Rhode Island, 02905, United States|University of Texas - Southwest, Dallas, Texas, 75235, United States|University of Texas Medical Branch - Galveston, Galveston, Texas, 77555, United States|University of Texas-Houston, Houston, Texas, 77030, United States|University of Utah Medical Center, Salt Lake City, Utah, 84132, United States"
NCT06455371,Patient-centered Dosage of Levothyroxine,https://clinicaltrials.gov/study/NCT06455371,NO,Hypothyroidism|Thyroid Cancer|Thyroid,OTHER: Decision support tool,ALL,"ADULT, OLDER_ADULT",NA,
NCT03612908,TSHβX1 and D2 THR92ALA in Pregnancy,https://clinicaltrials.gov/study/NCT03612908,NO,Pregnancy Related|Hypothyroidism|Hyperthyroidism,,FEMALE,ADULT,,"Materno-Perinatal Hospital ""Mónica Pretelini"", Toluca, 50130, Mexico"
NCT03712683,Thyroxin in Subclinical Hypothyroidism,https://clinicaltrials.gov/study/NCT03712683,NO,Sub Clinical Hypothyroidism|Pregnancy Loss,DRUG: Thyroxine,FEMALE,ADULT,NA,
NCT05240911,Individual Dosing of Levothyroxine After Thyroidectomy,https://clinicaltrials.gov/study/NCT05240911,NO,Thyroid Neoplasms|Hypothyroidism|Surgery,DRUG: Levothyroxine Sodium Tablets,ALL,"ADULT, OLDER_ADULT",NA,"Second Affiliated Hospital Zhejiang University School of Medicine, Hangzhou, Zhejiang, 310009, China"
NCT06276205,Vitamin D & Levothyroxine Combination Versus Levothyroxine on Lipid Profile in Hypothyroidism,https://clinicaltrials.gov/study/NCT06276205,NO,Hypothyroidism Primary|Lipid Disorder|Dyslipidemias,DRUG: Vitamin D|DRUG: Levothyroxin,ALL,"CHILD, ADULT, OLDER_ADULT",PHASE3,"King Edward Medical University, Lahore, Punjab, 54000, Pakistan"
NCT05385029,Fetal and Neonatal Thyroid in Pregnancies With Severe Acute Respiratory Syndrome Coronavirus 2 ( SARS- COV2 ) COVID-19,https://clinicaltrials.gov/study/NCT05385029,NO,Thyroid Dysfunction|Hypothyroidism|Hyperthyroidism,DRUG: Thyroxine,,"CHILD, ADULT, OLDER_ADULT",,"Security Forces Hospital, Riyadh, Central, 11481, Saudi Arabia"
NCT01985204,Iodine Supplementation in Obesity,https://clinicaltrials.gov/study/NCT01985204,NO,Iodine Deficiency|Subclinical Hypothyroidism,DIETARY_SUPPLEMENT: Iodine tablet|DIETARY_SUPPLEMENT: Placebo tablet,FEMALE,ADULT,NA,"Universite Caddi Ayad, Faculte de Medecine et de Pharmacie, Marrakech, Morocco|University Cadi Ayyad, Faculte des Sciences, Marrakech, Morocco"
NCT02946918,Levothyroxine Replacement With Liquid Gel Capsules vs Tablets Post-thyroidectomy,https://clinicaltrials.gov/study/NCT02946918,YES,Thyroid Cancer|Postsurgical Hypothyroidism,DRUG: Levothyroxine,ALL,"ADULT, OLDER_ADULT",PHASE4,"University of Texas Southwestern Medical Center, Dallas, Texas, 75390, United States"
NCT04528225,A Prospective Study of Hypothyroidism After Radiotherapy for Breast Cancer,https://clinicaltrials.gov/study/NCT04528225,NO,Breast Neoplasms|Hypothyroidism|Radiation Toxicity,,FEMALE,"ADULT, OLDER_ADULT",,"Cancer Hospital, Chinese Academy of Medical Sciences, Beijing, Beijing, 100021, China"
NCT00336102,Thyroid Dysfunction in Women With Newly Diagnosed Breast Cancer Compared to Healthy Volunteers,https://clinicaltrials.gov/study/NCT00336102,NO,Breast Cancer|Fatigue|Hypothyroidism,OTHER: physiologic testing|PROCEDURE: fatigue assessment and management|PROCEDURE: management of therapy complications,FEMALE,"ADULT, OLDER_ADULT",,"CCOP - Western Regional, Arizona, Phoenix, Arizona, 85006-2726, United States|North Colorado Medical Center, Greeley, Colorado, 80631-5199, United States|McKee Medical Center, Loveland, Colorado, 80538, United States|Cancer Centers of Central Florida, PA, Leesburg, Florida, 34788, United States|H. Lee Moffitt Cancer Center and Research Institute at University of South Florida, Tampa, Florida, 33612-9497, United States|Northeast Georgia Cancer Care, LLC - Medical Oncology, Athens, Georgia, 30607, United States|Medical College of Georgia Cancer Center, Augusta, Georgia, 30912-3500, United States|MBCCOP - Medical College of Georgia Cancer Center, Augusta, Georgia, 30912-4000, United States|Saint Anthony's Hospital at Saint Anthony's Health Center, Alton, Illinois, 62002, United States|Good Samaritan Regional Health Center, Mount Vernon, Illinois, 62864, United States|MBCCOP - LSU Health Sciences Center, New Orleans, Louisiana, 70112, United States|Feist-Weiller Cancer Center at Louisiana State University Health Sciences, Shreveport, Louisiana, 71130-3932, United States|CCOP - Beaumont, Royal Oak, Michigan, 48073-6769, United States|William Beaumont Hospital - Royal Oak Campus, Royal Oak, Michigan, 48073, United States|William Beaumont Hospital - Troy Campus, Troy, Michigan, 48085, United States|MeritCare Bemidji, Bemidji, Minnesota, 56601, United States|Southeast Cancer Center, Cape Girardeau, Missouri, 63701, United States|Saint Francis Medical Center, Cape Girardeau, Missouri, 63703, United States|David C. Pratt Cancer Center at St. John's Mercy, Saint Louis, Missouri, 63141, United States|St. John's Regional Health Center, Springfield, Missouri, 65804-2263, United States|CCOP - Cancer Research for the Ozarks, Springfield, Missouri, 65804, United States|Hulston Cancer Center at Cox Medical Center South, Springfield, Missouri, 65807, United States|CCOP - St. Louis-Cape Girardeau, St. Louis, Missouri, 63141, United States|Newark Beth Israel Medical Center, Newark, New Jersey, 07112, United States|MBCCOP - Our Lady of Mercy Comprehensive Cancer Center, Bronx, New York, 10466, United States|Our Lady of Mercy Medical Center Comprehensive Cancer Center, Bronx, New York, 10466, United States|Mission Hospitals - Memorial Campus, Asheville, North Carolina, 28801, United States|Rutherford Internal Medicine Associates, PA, Forest City, North Carolina, 28043, United States|CCOP - Southeast Cancer Control Consortium, Goldsboro, North Carolina, 27534-9479, United States|Southeastern Medical Oncology Center - Goldsboro, Goldsboro, North Carolina, 27534, United States|Moses Cone Regional Cancer Center at Wesley Long Community Hospital, Greensboro, North Carolina, 27403-1198, United States|Pardee Memorial Hospital, Hendersonville, North Carolina, 28791, United States|Iredell Memorial Hospital, Statesville, North Carolina, 28687-1828, United States|Southeastern Medical Oncology Center - Wilson, Wilson, North Carolina, 27893, United States|Forsyth Regional Cancer Center at Forsyth Medical Center, Winston-Salem, North Carolina, 27103, United States|CCOP - MeritCare Hospital, Fargo, North Dakota, 58122, United States|Roger Maris Cancer Center at MeritCare Hospital, Fargo, North Dakota, 58122, United States|AnMed Cancer Center, Anderson, South Carolina, 29621, United States|Gibbs Regional Cancer Center at Spartanburg Regional Medical Center, Spartanburg, South Carolina, 29303, United States|CCOP - Scott and White Hospital, Temple, Texas, 76508, United States|Scott and White Cancer Institute, Temple, Texas, 76508, United States"
NCT00001159,Natural History of Thyroid Function Disorders,https://clinicaltrials.gov/study/NCT00001159,NO,Hyperthyroidism|Hypothyroidism|Grave's Disease,,ALL,"CHILD, ADULT, OLDER_ADULT",,"National Institutes of Health Clinical Center, Bethesda, Maryland, 20892, United States"
NCT02824016,Evaluation of Hypothyroidism Incidence After Breast Cancer Supraclavicular Irradiation,https://clinicaltrials.gov/study/NCT02824016,NO,Irradiation; Adverse Effect|Irradiation Hypothyroidism,BIOLOGICAL: biological sample|RADIATION: supraclavicular irradiation,FEMALE,"ADULT, OLDER_ADULT",NA,"Institut Jean Godinot, Reims, 51100, France|Centre Paul Strauss, Strasbourg, 67000, France|Institut de Cancerologie de Lorraine, Vandoeuvre-les-nancy, 54519, France"
NCT06112886,Identification of Important Symptoms and Diagnostic Hypothyroidism Patients Using Machine Learning Algorithms,https://clinicaltrials.gov/study/NCT06112886,NO,Prediction Hypothyroidism Patients Using Machine Learning Algorithms|Identification of Important Symptoms of Hypothyroidism,OTHER: There was no intervention in this study,ALL,"ADULT, OLDER_ADULT",,"Faculty of Health, Kerman University of Medical Sciences, Kerman, 7616913555, Iran, Islamic Republic of"
NCT00535561,Iron Deficiency Anemia Can be an Indication for Treatment of Subclinical Hypothyroidism,https://clinicaltrials.gov/study/NCT00535561,NO,Iron Deficiency Anemia|Subclinical Hypothyroidism,"DRUG: Ferrous sulfate tablets 325 mg, po, TID|DRUG: Ferrous sulfate plus levothyroxine",ALL,"ADULT, OLDER_ADULT",PHASE1,"Duzce University School of Medicine, Duzce, 81620, Turkey"
NCT00505479,Iodine Status in Pregnant Women and Their Newborns: is Congenital Hypothyroidism Related to Iodine Deficiency in Pregnancy?,https://clinicaltrials.gov/study/NCT00505479,NO,Congenital Hypothyroidism|Pregnancy|Iodine Deficiency,,FEMALE,ADULT,,"Children's Hospital Zhejiang University School of Medicine, Hangzhou, Zhejiang, 310003, China"
NCT05975866,"The Effects of an Anti-inflammatory Diet With or Without Curcumin Supplementation on Anthropometric Measurements, Concentrations of Thyroid Hormones, Anti-TPO, and Systemic Inflammation in Plasma and NFK-B in Peripheral Blood Mononuclear Cells in Patients With Hashimato",https://clinicaltrials.gov/study/NCT05975866,NO,Thyroid Diseases|Hypothyroidism|Hashimoto Disease,DIETARY_SUPPLEMENT: curcumin|BEHAVIORAL: Anti-inflammatory diet,ALL,"ADULT, OLDER_ADULT",NA,"Golbon Sohrab, Tehran, National Nutrition And Food Technology Research Institute, Iran, Islamic Republic of"
NCT05581147,Thyroid Function and Structure IN Klinefelter Syndrome,https://clinicaltrials.gov/study/NCT05581147,NO,"Klinefelter Syndrome|Thyroiditis, Autoimmune|Hypothyroidism",,MALE,"CHILD, ADULT, OLDER_ADULT",,"'Sapienza' University of Rome, Roma, 00161, Italy"
NCT05804149,Effect of Acupuncture and Low Caloric Diet on Primary Hypothyroidism and Irregular Menstruation in Infertile Women,https://clinicaltrials.gov/study/NCT05804149,NO,Primary Hypothyroidism|Acupuncture|Irregular Menstruation|PCO,DEVICE: acupuncture|DRUG: Thyroxine|DIETARY_SUPPLEMENT: low caloric diet,FEMALE,ADULT,PHASE2,"Eman Sedky, Cairo, Maadi, 002, Egypt"
NCT06268600,The Protection of Thyroid Function in IMRT for Nasopharyngeal Carcinoma,https://clinicaltrials.gov/study/NCT06268600,NO,Nasopharyngeal Carcinoma|Nasopharyngeal Cancer|Hypothyroidism,RADIATION: Modified neck target volume delineation,ALL,"ADULT, OLDER_ADULT",NA,"Department of Nasopharyngeal Carcinoma, Jiangxi Cancer Hospital, Nanchang, None Selected, 330029, China"
NCT04782856,Energy Metabolism in Thyroidectomized Patients,https://clinicaltrials.gov/study/NCT04782856,YES,Thyroid Goiter|Hypothyroidism|Thyroid Cancer,DRUG: Levothyroxine|DRUG: Liothyronine|DRUG: Placebo,ALL,"ADULT, OLDER_ADULT",PHASE2,"Virginia Commonwealth University, Richmond, Virginia, 23298, United States"
NCT01862510,Detection of Celiac Disease in Patients With Hypothyroidism,https://clinicaltrials.gov/study/NCT01862510,NO,Celiac Disease|Hypothyroidism|Celiac Sprue|Malabsorption,,ALL,"ADULT, OLDER_ADULT",,"Fletcher Allen Health Care, Burlington, Vermont, 05405, United States"
NCT03977207,A Randomized Controlled Trial of Thyroid Hormone Supplementation in Hemodialysis Patients,https://clinicaltrials.gov/study/NCT03977207,NO,Thyroid; Functional Disturbance|Hypothyroidism|Hemodialysis,DRUG: Levothyroxine Sodium|DRUG: Placebos,ALL,"ADULT, OLDER_ADULT",NA,"University of California Irvine, Orange, California, 92868, United States"
NCT03627611,Identification of Non-responders to Levothyroxine Therapy,https://clinicaltrials.gov/study/NCT03627611,NO,Hypothyroidism|Biomarkers|Endocrine System Diseases,DRUG: Levothyroxin|DRUG: Liothyronine,FEMALE,"ADULT, OLDER_ADULT",PHASE2,"Oslo University Hospital, Oslo, Norway"
NCT03898622,Supplementation of Thyroid Hormone for TSH Control in Patients With Chronic Kidney Disease Without TRR.,https://clinicaltrials.gov/study/NCT03898622,NO,Chronic Kidney Diseases|Subclinical Hypothyroidism,DRUG: Levothyroxine,ALL,"ADULT, OLDER_ADULT",PHASE3,"Kidney health clinic, Civil Hospital of Guadalajara, Guadalajara, Jalisco, 44280, Mexico"
NCT02307175,A Study of 99m Tc Pertechnetate Produced in High Energy Cyclotron in Patients With Thyroid Scan Indication,https://clinicaltrials.gov/study/NCT02307175,NO,Autoimmune Thyroid Disease|Congenital Hypothyroidism,,ALL,"ADULT, OLDER_ADULT",,"Centre hospitalier universitaire de Sherbrooke, Sherbrooke, Quebec, J1H 5N4, Canada"
NCT00147433,The Effect of Thyroid Hormone Levels in Pregnant Women on the Intelligence Quotient (IQ) of Their Children,https://clinicaltrials.gov/study/NCT00147433,NO,Child Development Disorders|Pregnancy|Subclinical Hypothyroidism,,FEMALE,"CHILD, ADULT, OLDER_ADULT",,"Foundation for Blood Research, Scarborough, Maine, 04021, United States"
NCT00437931,Color Flow Doppler Ultrasound in Subclinical Thyroid Dysfunction,https://clinicaltrials.gov/study/NCT00437931,NO,Subclinical Hypothyroidism|Hyperthyroidism|Thyroid Dysfunction,,ALL,"ADULT, OLDER_ADULT",,"Haemek Medical Center, Department of Radiology, Afula, 18101, Israel"
NCT05813301,NAFLD in Patient of Hypothyroidism,https://clinicaltrials.gov/study/NCT05813301,NO,NAFLD,,ALL,"CHILD, ADULT, OLDER_ADULT",,
NCT01574859,Central Hypothyroidism and Cardiovascular Risk,https://clinicaltrials.gov/study/NCT01574859,NO,Hypopituitarism,OTHER: levothyroxine,ALL,"CHILD, ADULT, OLDER_ADULT",,"Rigshospitalet, Copenhagen, 2100, Denmark"
NCT01335802,Relation Between Subclinical Hypothyroidism and Outcome of Pregnancy,https://clinicaltrials.gov/study/NCT01335802,NO,"Abortion, Spontaneous|Pregnancy Complications|Subclinical Hypothyroidism",GENETIC,FEMALE,ADULT,,"Naestved Hospital, Naestved, 4700, Denmark"
NCT05782725,Subclinical Hypothyroidism and Normogonadotropic Anovulation,https://clinicaltrials.gov/study/NCT05782725,NO,Polycystic Ovary Syndrome|Hypothalamic-Pituitary-Ovarian Axis Dysfunction (Disorder),OTHER: Comparison of laboratory test results in women in the 4 study arms,FEMALE,ADULT,,"Jagiellonian University Medical College, Department of Gynecology and Obstetrics, Krakow, 31-501, Poland"
NCT01831869,Effect of L-Thyroxine on Lipid Profiles and Atherosclerosis in Subclinical Hypothyroidism,https://clinicaltrials.gov/study/NCT01831869,NO,Hypothyroidism|Thyroid Diseases|Endocrine System Diseases,DRUG: L-thyroxine,ALL,ADULT,PHASE4,"Shandong Provincial Hospital, Jinan, Shandong, 250021, China"
NCT01848171,Effects of L-thyroxine Replacement on Serum Lipid and Atherosclerosis in Hypothyroidism,https://clinicaltrials.gov/study/NCT01848171,NO,Hypothyroidism|Thyroid Diseases|Endocrine System Diseases,DRUG: L-thyroxine,ALL,"ADULT, OLDER_ADULT",PHASE4,"Shandong Provincial Hospital, Jinan, Shandong, 250021, China"
NCT02316743,Effects of Levothyroxine Supplementation in Patients With Systolic Heart Failure and Subclinical Hypothyroidism,https://clinicaltrials.gov/study/NCT02316743,NO,Systolic Heart Failure|Sub-clinical Hypothyroidism,DRUG: Levothyroxine supplementation,ALL,"ADULT, OLDER_ADULT",PHASE4,"Centre Hospitalier Universitaire de Sherbrooke, Sherbrooke, Quebec, J1H 5N4, Canada"
NCT05708456,The Effect of Mobile Application on Hypothyroid Patients,https://clinicaltrials.gov/study/NCT05708456,NO,Hypothyroidism|Symptom Management|Symptoms and Signs|Mobile Application|Digital Health,OTHER: Mobile application with symptom management,ALL,"ADULT, OLDER_ADULT",NA,"Seyma Trabzon, Sakarya, 54100, Turkey"
NCT03614988,Evaluation of Evening Versus Morning Levothyroxine Intake in Elderly,https://clinicaltrials.gov/study/NCT03614988,NO,Aging|Primary Hypothyroidism|Interaction Drug Food,OTHER: Evening Levothyroxine Administration|OTHER: Morning Levothyroxine Administration,ALL,"ADULT, OLDER_ADULT",NA,"Hospital de Clinicas de Porto Alegre, Porto Alegre, Rio Grande Do Sul, 90035-903, Brazil"
NCT00497575,Diagnosis and Follow-up of Patients With Subclinical Hypothyroidism,https://clinicaltrials.gov/study/NCT00497575,NO,Congenital Hypothyroidism|L-Thyroxine|Follow-Up,,ALL,CHILD,,
NCT06051279,Pattern of Congenital Hypothyroidism in Newborns.,https://clinicaltrials.gov/study/NCT06051279,NO,Pattern of CH,,ALL,CHILD,,
NCT06452823,Efficacy and Safety of Catheter Ablation of Atrial Fibrillation in Patients With Thyroid Hormone Stabilization,https://clinicaltrials.gov/study/NCT06452823,NO,Atrial Fibrillation and Flutter|Hyperthyroidism|Hypothyroidism,PROCEDURE: Catheter Ablation,ALL,"ADULT, OLDER_ADULT",,"Cardiovascular Medicine Department of Second Affiliated Hospital of Jiaxing University, Jiaxing, Zhejiang, 314000, China"
NCT02280330,Iodine Status of Preschoolers Given Micronutrient Powder for 6 Months,https://clinicaltrials.gov/study/NCT02280330,NO,Iodine Deficiency|Iodine Deficiency Disorder|Hypothyroidism,DIETARY_SUPPLEMENT: MNP group|OTHER: Placebo group,ALL,CHILD,PHASE4,"La Trinidad Benguet Day Care Centers, La Trinidad, Benguet, 2601, Philippines"
NCT03754621,Upper Limit for TSH of First and Second Trimester Pregnancy in Turkey,https://clinicaltrials.gov/study/NCT03754621,NO,Thyroid|Thyroid Dysfunction|Hypothyroidism|Pregnancy Early,DIAGNOSTIC_TEST: Serum thyroid functions tests,FEMALE,"ADULT, OLDER_ADULT",,"Bartin State Hospital, Bartin, Turkey"
NCT06373523,MASLD in Primary Hypothyroidism and Efficacy of Dapaglifozin,https://clinicaltrials.gov/study/NCT06373523,NO,Hepatic Steato-Fibrosis|Non-Alcoholic Fatty Liver Disease,DRUG: Dapagliflozin 10mg Tab|DRUG: Placebo|DRUG: Levothyroxine Replacement daily,ALL,"ADULT, OLDER_ADULT",EARLY_PHASE1,"PGIMER, Chandigarh, Punjab, 160012, India"
NCT04682340,Analysis of BPA Concentration in Serum in Women of Reproductive Age With Autoimmune Thyroid Disease,https://clinicaltrials.gov/study/NCT04682340,NO,Hypothyroidism|Hyperthyroidism|Hashimoto Disease|Graves Disease,DIAGNOSTIC_TEST: Serum BPA,FEMALE,ADULT,,"Jagiellonian University Medical College, Kraków, Malopolska, 31-591, Poland"
NCT06399796,Insulin Resistance in Relation to Hyperthyroidism and Hypothyroidism,https://clinicaltrials.gov/study/NCT06399796,NO,Insulin Resistance,,ALL,"ADULT, OLDER_ADULT",,
NCT05842096,Subclinical Hypothyroidism and Chronic Inflammation in PCOS,https://clinicaltrials.gov/study/NCT05842096,NO,PCOS (Polycystic Ovary Syndrome) of Bilateral Ovaries|Subclinical hypothyroïdism|Hypothalamic-Pituitary-Gonadal Axis Dysfunction,"DIAGNOSTIC_TEST: Measurement and comparison of leucocytosis and concentrations of CRP, procalcitonin, fibrinogen, ferritin, IL-1, IL-6, IL-10, TNF-alpha in both study arms|DIAGNOSTIC_TEST: Evaluation of the impact of subclinical hypothyroidism, with present/ absent antithyroid antibodies, on the balance between anti- and pro-inflammatory factors in women in both study arms|DIAGNOSTIC_TEST: Assessment of the impact of imbalance between anti- and pro-inflammatory factors in women with different PCOS and HPOD phenotypes on ovarian reserve indices",FEMALE,ADULT,NA,"Jagiellonian University Medical College, Department of Gynecology and Obstetrics, Krakow, 31-501, Poland|Jagiellonian University Medical College, Department of Gynecology and Obstetrics, Kraków, 31-501, Poland"
NCT02190214,Thyroid Disorders in Malaysia: A Nationwide Multicentre Study,https://clinicaltrials.gov/study/NCT02190214,NO,Hypothyroidism|Subclinical Hypothyroidism|Hyperthyroidism|Subclinical Hyperthyroidism|Graves Disease|Hashimoto's Thyroiditis|Iodine Deficiency|Genetic Susceptibility,,ALL,"ADULT, OLDER_ADULT",,
NCT06272721,Hypothyroidism in Pregnancy and Neuropsychological Development in Children,https://clinicaltrials.gov/study/NCT06272721,NO,Thyroid Dysfunction|Pregnancy Related|Language Development,DIAGNOSTIC_TEST: Griffiths Scale,ALL,"CHILD, ADULT",NA,"Fondazione Policlinico Universitario A. Gemelli IRCCS, Roma, 00168, Italy"
NCT04860622,Normal Range of TSH and FT4 in Pregnancy,https://clinicaltrials.gov/study/NCT04860622,NO,Hypothyroidism|Pregnancy Related|Thyroid|Dysfunction|Iodine Deficiency,DIAGNOSTIC_TEST: Serum thyroid function tests,FEMALE,ADULT,,"Sehit Prof Dr Ilhan Varank Sancaktepe Training and Research Hospital, Istanbul, Turkey"
NCT06154382,Eltroxin Administration to Patients With Extremely Low T4 Values in the Intensive Care Unit,https://clinicaltrials.gov/study/NCT06154382,NO,Thyroid; Functional Disturbance,DRUG: Eltroxin administration,ALL,"ADULT, OLDER_ADULT",,"Meir Medical Center, Kfar Saba, Israel"
NCT06179368,Throid Dysfunction in Liver Failure and Its Eddects Upon Outcome,https://clinicaltrials.gov/study/NCT06179368,NO,Hepatic Encephalopathy|Hepatic Impairment|Hypothyroidism|Hepatic Failure,DIAGNOSTIC_TEST: hypothroidism|DIAGNOSTIC_TEST: euothyroid,ALL,ADULT,,"Emad Zarief Kamel Said, Assiut, 71111, Egypt"
NCT05918497,Comparison Between Variable Time Regimen of Dosing L-Thyroxine for Treatment Hypothyroid Fasting Ramadan,https://clinicaltrials.gov/study/NCT05918497,NO,Different Regimens in Treatment of Hypothyroidism During Fasting in Ramadan,,ALL,ADULT,,"Sohag Faculty of Medicine, Sohag, Egypt"
NCT05643365,Factors Affecting Timing of Hypothyroidism Following Radioactive Iodine Therapy Patients With Graves Disease,https://clinicaltrials.gov/study/NCT05643365,NO,Radioactive Iodine-Induced Hypothyroidism in Graves Disease Patients,RADIATION: Radioactive Iodine therapy,ALL,"CHILD, ADULT, OLDER_ADULT",,"Nuclear medicine unit, department of clinical oncology and nuclear medicine, Assiut university hospital, Assiut, Egypt"
NCT01528904,Maternal Autoimmune Thyroid Disease and Fetal Thyroxin,https://clinicaltrials.gov/study/NCT01528904,NO,Pregnancy Complicated by Hyperthyroidism|Hypothyroidism in Pregnancy,,FEMALE,ADULT,,"Clinic for Gynecology and Obstetrics, Belgrade, 11000, Serbia"
NCT05803967,Baduanjin Exercising Effects on Sub-clinical Hypothyroidism and Cognitive Problems,https://clinicaltrials.gov/study/NCT05803967,NO,Subclinical hypothyroïdism|Cognitive Impairment,BEHAVIORAL: Baduanjin exercising,FEMALE,OLDER_ADULT,NA,"Cairo Unoversity, Giza, Egypt"
NCT04270110,Assessment of Bone Mineral Density in Patients With Subclinical Hypothyroidism,https://clinicaltrials.gov/study/NCT04270110,NO,Subclinical hypothyroïdism,,ALL,"CHILD, ADULT",,"Assiut university Hospital, Assuit, 71511Assuit, Egypt"
NCT04124705,A Study of Armour® Thyroid Compared to Synthetic T4 (Levothyroxine) in Previously Hypothyroid Participants,https://clinicaltrials.gov/study/NCT04124705,YES,Hypothyroidism|Thyroid Disease|Euthyroid|Thyroid Gland|Thyroid Hormones,DRUG: Armour® Thyroid|DRUG: Levothyroxine,ALL,"ADULT, OLDER_ADULT",PHASE2,"Sponsor Site /ID# 237950, Birmingham, Alabama, 35205, United States|Sponsor Site /ID# 237986, Little Rock, Arkansas, 72209-7040, United States|Sponsor Site /ID# 235210, Greenbrae, California, 94904, United States|Sponsor Site /ID# 235716, Huntington Beach, California, 92648, United States|Sponsor Site /ID# 238120, Sacramento, California, 95821-2123, United States|Sponsor Site /ID# 238026, Santa Clarita, California, 91321, United States|Sponsor Site /ID# 238258, Van Nuys, California, 91405-3605, United States|Sponsor Site/ID# 235866, Denver, Colorado, 80246, United States|Sponsor Site /ID# 235853, Fort Lauderdale, Florida, 33312, United States|Sponsor Site /ID# 236809, West Palm Beach, Florida, 33401, United States|Sponsor Site /ID# 235032, Atlanta, Georgia, 30318, United States|Sponsor Site /ID# 237199, Columbus, Georgia, 31904, United States|Sponsor Site /ID# 238088, Lawrenceville, Georgia, 30046, United States|Sponsor Site /ID# 235714, Lexington, Kentucky, 40503, United States|Sponsor Site /ID# 236701, Louisville, Kentucky, 40213-1014, United States|Sponsor Site /ID# 235202, Asheville, North Carolina, 28803, United States|Sponsor Site/ID# 235204, Greenville, North Carolina, 27834, United States|Sponsor Site /ID# 238023, Hickory, North Carolina, 28601, United States|Sponsor Site /ID# 237137, Austin, Texas, 78731, United States|Sponsor Site/ID# 238071, Austin, Texas, 78749, United States|Sponsor Site/ID# 237652, Dallas, Texas, 75231, United States|Sponsor Site/ID# 237655, Dallas, Texas, 75231, United States|Sponsor Site /ID# 235870, El Paso, Texas, 79935, United States|Sponsor Site /ID# 235860, Round Rock, Texas, 78681, United States|Sponsor Site /ID# 235894, San Antonio, Texas, 78229, United States|Sponsor Site /ID# 235211, Renton, Washington, 98057, United States|Sponsor Site /ID# 236022, Spokane, Washington, 99202, United States|Sponsor Site/ID# 236977, Tacoma, Washington, 98405, United States"
NCT03574051,the Microbiota Are Associated With Iodine-131 Therapy and Hypothyroidism,https://clinicaltrials.gov/study/NCT03574051,NO,Microbiota,DRUG: Probiotic,ALL,"ADULT, OLDER_ADULT",EARLY_PHASE1,"First affiliated hospital of Harbin medical university, Harbin, Heilongjiang, 150001, China"
NCT02017080,Fetal Thyroid Ultrasound And Fetal Thyroid Hormones,https://clinicaltrials.gov/study/NCT02017080,NO,Pregnancy Complicated by Hyperthyroidism|Hypothyroidism in Pregnancy,,FEMALE,ADULT,,"Clinic for Gynecology and Obstetrics , Clinical Center of Serbia, Belgrade, 11000, Serbia"
NCT01488721,Clinical Evaluation of NeoPlex4 Assay and NeoPlex System,https://clinicaltrials.gov/study/NCT01488721,NO,"Adrenal Hyperplasia, Congenital|Congenital Hypothyroidism|Cystic Fibrosis",,ALL,CHILD,,"New York State Department of Health, Albany, New York, 12201, United States|Tennessee Department of Health, Nashville, Tennessee, 37243, United States|Unified State Laboratories: Public Health, Taylorsville, Utah, 84129, United States"
NCT06135948,Impact of Increasing Levothyroxine Dose in Ramadan for UAE Patients With Hypothyroidism,https://clinicaltrials.gov/study/NCT06135948,NO,L-thyroxine,"DRUG: Extra dose of L-thyroxine, 25 mcg during Ramadan",ALL,"ADULT, OLDER_ADULT",PHASE4,"Family Promotion Centre, Endocrinology Clinic, Sharjah, United Arab Emirates"
NCT06377826,"Comparison of Aerobic and Resistance Training on Exercise Capacity, Depression and Quality of Life in Hypothyroidism.",https://clinicaltrials.gov/study/NCT06377826,NO,Comparison of Aerobic Exercise and Resistance Training,OTHER: aerobic exercises|OTHER: resistance training|DRUG: medication,ALL,ADULT,NA,"Abbottabad medical complex, Abbottābād, Khyber Pakhtunkhwa, 21300, Pakistan"
NCT02186405,Effects of Levothyroxine Treatment on Hemodynamic and Renal Functions in Subclinical Hypothyroidism,https://clinicaltrials.gov/study/NCT02186405,NO,Subclinical hypothyroïdism,DRUG: LEVOTHYROXINE,ALL,"ADULT, OLDER_ADULT",PHASE4,"Nephrology Department, Nice, 06202, France"
NCT06036576,Thyroxine Therapy for Recurrent Pregnancy Loss in Hypothyroid Women,https://clinicaltrials.gov/study/NCT06036576,NO,Recurrent Early Pregnancy Loss|Thyroid Diseases,DRUG: Levothyroxine Pill,FEMALE,ADULT,PHASE3,"AL-Elwiyah Maternity Teaching Hospital, Baghdad, 10011, Iraq"
NCT03115515,Safety and Efficacy of Empiric Levothyroxine (LT4) Dose Increase Versus Individualized LT4 Dose Increase in Hypothyroid Women During Pregnancy,https://clinicaltrials.gov/study/NCT03115515,NO,Pregnancy Related|Thyroid,DRUG: levothyroxine,FEMALE,ADULT,NA,"Medstar Washington Hospital Center, Washington, District of Columbia, 20010, United States"
NCT04178928,Can Levothyroxine Treatment Reduce the Development of Cardio-metabolic Disorder in Subclinical Hypothyroidism?,https://clinicaltrials.gov/study/NCT04178928,NO,Subclinical hypothyroïdism,DRUG: Levothyroxine,ALL,CHILD,PHASE1|PHASE2,
NCT02710799,Evaluation of the Effects of Teleconsultations on a Endocrinology Referral List,https://clinicaltrials.gov/study/NCT02710799,NO,Diabetes Mellitus|Hypothyroidism|Hyperthyroidism|Goiter|Thyroid Nodule|Obesity,OTHER: Teleconsultation|OTHER: Protocol,ALL,"ADULT, OLDER_ADULT",NA,"Secretaria Estadual da Saúde, Porto Alegre, Rio Grande do Sul, 90110-150, Brazil"
NCT06353555,Efficacy of Thyroid Hormone Replacement for Secondary Hypothyroidism Following Intracerebral Hemorrhage,https://clinicaltrials.gov/study/NCT06353555,NO,Intracerebral Hemorrhage|Low T3 Syndrome|Neurocritical Care|Hormone Replacement Therapy,DRUG: Euthyrox|DRUG: Euthyrox,ALL,"ADULT, OLDER_ADULT",NA,"Peking union medical college hospital, Beijing, Beijing, 100730, China"
NCT06041204,Best Treatment for Women With Both (Polycystic Ovary Syndrome) PCOS and Subclinical Hypothyroidism,https://clinicaltrials.gov/study/NCT06041204,NO,PCOS (Polycystic Ovary Syndrome) of Bilateral Ovaries|Subclinical Hypothyroidism|Female Infertility,DRUG: Letrozole 2.5mg|DRUG: Levothyroxine 25 Mcg (0.025 Mg) Oral Tablet,FEMALE,ADULT,NA,"Al-Hussein University Hospital, Cairo, 11633, Egypt"
NCT04663451,An Assessment of the Occurrence of Hypothyroidism in Patients Treated With RAI for Hyperthyroidism.,https://clinicaltrials.gov/study/NCT04663451,NO,Nodule Solitary Thyroid|Toxic Multinodular Goiter|Radioactive Iodine-Induced Hypothyroidism,RADIATION: radioacive iodine therapy,ALL,"ADULT, OLDER_ADULT",,"Universitair Ziekenhuis Brussel, Brussels, 1090, Belgium"
NCT03699098,The Incidence and Risk Factors of Radiotherapy Induced Hypothyroidism in Head and Neck Cancer With Long Term Follow up,https://clinicaltrials.gov/study/NCT03699098,NO,Head and Neck Cancer,"DIAGNOSTIC_TEST: TSH, T3, T4 and thyroid gland DVH",ALL,"ADULT, OLDER_ADULT",NA,"Department of clinical oncology and nuclear medicine, Cairo university, Cairo, 11311, Egypt"
NCT01950260,Early Levothyroxine Post Radioactive Iodine,https://clinicaltrials.gov/study/NCT01950260,YES,Graves' Disease,DRUG: Levothyroxine|OTHER: Placebo,ALL,"ADULT, OLDER_ADULT",PHASE2|PHASE3,"Mayo Clinic in Rochester, Rochester, Minnesota, 55905, United States"
NCT02500342,Effect of Thyroid Hormone Replacement on Fatigability in Untreated Older Adults With Subclinical Hypothyroidism,https://clinicaltrials.gov/study/NCT02500342,NO,Thyroid Dysfunction|Mental Fatigue|Fatigue,DRUG: Levothyroxine|DRUG: Placebo,ALL,OLDER_ADULT,PHASE4,"University College Cork, National University of Ireland, Cork, Cork, Ireland|Department of General Internal Medicine, Lausanne, Vaud, 1011, Switzerland|Clinic for General Internal Medicine, Bern University Hospital Bern, Bern, 3010, Switzerland"
NCT03372772,Effect of Levocarnitine Supplementation for the Management of Fatigue in Levothyroxine-Treated Hypothyroid Patients,https://clinicaltrials.gov/study/NCT03372772,NO,Patient Compliance,DRUG: Levocarnitine,ALL,ADULT,NA,"Phamacology Department, BSMMU, Dhaka, Shahbag, 1000, Bangladesh"
